PM2.5,PM10,NO2,SO2,CO,O3,Temperature,Humidity,WindSpeed,Pressure,AQI
96.38338397335217,179.10776581955585,75.00560433718499,12.951870506668001,1.8134509425463974,40.093722123375265,24.829444302351448,51.44776194164239,2.1337969950714677,991.0090006408932,150.58583216654193
127.07665150615703,204.48031275814824,80.9760042836836,28.376841802548707,1.7601592637476207,49.75760720467366,28.475389145304188,53.97105107359502,1.3029477887758896,1015.3779835293755,162.18821311496862
85.72611429349729,157.17896117845163,80.70601375029042,11.191201524603752,1.8762690491849185,62.48804972936395,26.54835210411112,50.45272905107262,4.51161522565749,1009.9441404907856,113.98012738125692
77.61908316602523,119.38352734885734,55.12527835172955,25.039569468628088,1.0600799472637723,84.72510011079473,33.009478243032206,69.85197576425915,3.779198948353904,1005.4884603620172,102.50936345606422
137.034920357917,230.10453839258236,89.46598759520657,41.129317462095955,1.7028035857455868,53.28485626960741,26.60605913078911,44.40424010647037,1.0719985447778009,1000.2705170234206,182.92027353574753
82.19599665103446,131.50665598301737,62.58413413390458,15.886848494353002,0.933838747390155,76.4868935037152,35.05830206853324,57.82207257863351,1.7839921687002402,996.2411398711429,84.92219329268312
106.94116590584508,153.52661244696017,63.8350241721751,2.29259198224214,2.1160501587596587,75.87238854331056,28.771396131689006,32.71451265718573,3.018501088637161,1009.7911416565445,138.939946971143
100.44908016049163,173.81323985257768,49.93154036898005,14.669306153300411,1.660250855080374,52.79803122876243,26.751981452025845,68.60632031192135,0.5132565970408973,1020.9075276818029,144.7610325607092
136.95989931110654,168.12362719652984,134.98577008479572,33.29018899164721,1.8099886083882013,64.74763185977478,23.733473688274184,57.49677711865606,3.010909691100451,1009.6253318139283,182.548739215472
68.86127743004243,82.9509513078364,37.688800347181385,19.68796758780705,1.388591003378883,55.1075930545491,31.26602255147675,42.679148841022204,2.7725880390369717,996.9379071512574,116.1423730984493
166.03941018641515,292.3853997827551,76.07079180587591,28.916038011770052,2.414395968516428,75.51529327849937,34.4760920111309,81.28414104461088,0.7356018659274987,1009.8009338163072,231.49450359429176
57.381405129609135,123.57630692161563,54.67187789457679,21.95511546319181,1.4301087293992072,71.85466767841805,31.366606282684373,45.38499652422591,6.259456277181447,1007.5732563020262,109.69965843757223
111.34935826947437,206.8834325988024,74.4035716036386,24.237550506324297,1.1992340910487145,34.66334375405165,41.19415833207212,76.95415535042324,1.6205579179626177,1014.9123490085939,184.434875049683
103.30684890355496,127.69326189629894,29.368293316341557,29.138623368035688,1.4233421597640958,59.64289582648484,37.14893726235209,54.48438764018293,1.5030196472963193,1012.8538654192938,131.63229180081706
53.74236422158503,89.57573634416124,70.25102026380674,20.804473119766087,0.7792780246733141,90.36662977510304,28.462361176414923,89.02357066843139,4.022958953987365,985.0,81.79925880476581
117.21826533269773,134.62383454315844,68.39335501594314,33.2397954618194,1.1631985148902224,52.36038015154356,28.409862830964652,76.24325808389219,4.5537288227663515,1012.3619376354277,151.11156572374082
72.4715771201035,137.8772492610299,22.838932323653566,18.566957925662454,1.3847407266361658,67.26114437210295,32.348483597426764,49.879281936889576,0.9278999760271208,999.9721647239674,93.10060411217744
41.554930113220756,112.30529606442731,66.4193214097962,19.228666825538127,0.6810600224078095,71.50142467024696,25.809904097871573,51.243761716845405,1.9725035832408744,996.6261700684104,75.87005336730546
126.53552913453981,186.68636626472053,90.58287740044676,19.727246911458494,1.9533341508611184,36.21794548427401,35.83144153266243,74.08287807836464,0.35230550937475097,1006.4922127170115,158.49335504023082
30.35481279851535,56.19378430098931,2.0,5.830891043349794,1.2042007371645873,71.76435806196203,31.80800260921792,61.0643280393475,3.872711129667057,1011.2877688722401,51.57718320480931
47.499114013706645,72.81874397977396,83.80417231261109,26.354034804996584,0.7316784452075777,36.11103814228021,31.282294554292665,62.45986239467952,2.154669715327911,994.8741231177054,68.30337204764767
85.08171665761483,139.685106309475,72.7567067050815,18.939443409495283,1.1656923542270894,46.932228752165685,33.434768338854084,84.08358292658147,0.5901063057644602,1013.6366113364604,108.8816499079631
136.40490456146313,156.62031063535775,79.12730416203225,29.807633074274605,1.9165248971685565,73.4506210499784,38.614149416845294,53.769666899450655,1.1986277053756234,1014.1067107802528,169.65347886954794
121.76604659825144,156.31738346664855,112.55019110975763,22.601845707081292,1.9580043974248698,61.68032949769033,30.854776760937526,66.36940658263181,0.8562236980215694,1008.375809570396,158.56330030549503
95.40994270319538,177.13688676928095,64.91691881217893,13.75706791702373,1.2532410561108072,51.88660404430688,29.43479814564308,79.31941690478459,1.1421195333387504,1001.0590109581836,107.64722361866725
22.797330441321865,35.41358449714231,27.55672182099404,9.823542793617834,0.36582756601282973,71.21251194710763,37.54359811661289,77.136762325784,0.39093027203673353,1000.1649759664857,17.966450282392895
55.53822847160934,98.66373992043721,26.484699911674483,25.152539558734833,1.1807560592196535,59.47528126267889,34.83775207995568,62.605809987189915,5.32750892311804,1016.2074570526419,65.79431377078568
64.44125693938373,105.51637154275691,61.54482660539964,19.174871426961438,1.1179549142321137,60.0711124871823,28.395100798081387,60.66641178721012,0.9592462062932222,995.9102185080328,82.05888087391027
40.09461235338299,45.00400807162961,47.957649742121845,1.0,0.21995328248939072,73.61516449269183,30.0259322432951,38.91776806218603,2.2350856464330953,1016.5157636865534,56.505550741221626
17.807513849818164,17.662986606668433,26.380384729660957,7.414946009368942,0.15734221633054096,50.48277956015018,30.976904579693993,49.15632511002207,2.999972486636422,1006.6784067269565,29.467192733990707
87.76402204043222,113.97004467227231,37.744151071504426,31.790032986489564,1.6784772304419893,58.704933536749856,31.809064723024914,69.775388398621,4.557991102485479,1007.2333240028571,125.17127693317944
124.14609661581227,178.5906879612069,77.11398983126738,20.187156699097823,1.8402352301594505,49.44748476781527,23.217000745304432,62.93176716586646,2.291507268745979,994.3352983566934,168.27089703472456
60.98189109294703,105.8230166762695,43.69688134777272,1.0,0.7912337103560521,31.580587969759637,22.287576960992197,66.1239061784934,1.8219028303233853,1006.8262669589714,96.66229108272236
135.3457537954361,199.68580178033986,45.56873123959122,38.38588153883268,1.8315466312364879,37.60413608387772,25.56304988998773,80.5888041445109,2.361604857626322,1012.908684128091,174.88434849990006
27.42556796618839,73.22038973742686,2.0,15.750208234444948,0.5824159837946783,91.03367060985391,25.17630778494329,47.19015336406588,0.9232817564521115,997.3087192971841,45.854973003056294
38.25241442486311,78.78860616313528,49.34242096143264,11.030186860481171,0.8929623131683982,68.86482650854516,26.780879930137488,61.45729546651025,0.9902564169765882,1011.9890869380148,76.73348495796756
86.57360232127363,156.10013143082026,2.0,14.417490389896283,0.9493173791405862,34.2495223890731,33.173553210450024,67.83066445116826,1.789922801773055,1008.7120980294321,118.06642605100645
57.429066143116074,40.89977527523842,48.978342938433734,22.55030337550781,0.7289115090497784,32.67929594327932,29.15535421837631,54.43760093638226,0.2523868312007668,1002.8499550893415,74.91306628179771
117.9053235346249,196.734846229876,59.105319146735596,16.812771622345444,1.7331028211313462,53.548623915239496,30.98197302505094,86.47215670891126,1.303299229032184,1014.8373846919304,169.13400766902046
106.22237430903067,220.12097850748933,98.50623361106156,28.932736313211585,1.4997098465845056,84.60356765245422,23.87848294978869,78.62880202419721,1.5439430333092854,990.3819458481715,127.2601589921096
60.3229878505683,111.3337396747001,32.80863930390884,18.576320827862247,1.116840649865997,56.81251454547619,27.691788985395274,69.35199990633133,7.070721648513627,1010.7734459899497,82.23575160116006
29.646036133378175,62.96671622990807,47.82782161631758,12.514979739904181,0.29837558426063865,86.15430907060203,32.9362883087242,91.9134766899288,4.946859082165255,1020.9554812645863,45.08158534628968
55.580314002802396,96.21971614637744,33.08829527031629,14.83375612302105,1.0062459371014592,66.88832875451165,32.97476229088401,42.51657080584786,2.992445405662135,1019.5195451128053,91.679875113747
107.83203679062105,243.19522024827845,69.36812039293306,18.5401001211611,1.8168803463318206,64.8559452979764,26.37713085906046,64.88410578341477,3.9374303626087714,1011.1184537643081,177.09368459444823
120.77869716642535,169.66122605819956,90.77132699789269,29.85856462164517,1.821049002784425,31.294735059203724,30.80831193189777,70.49505453401092,0.9829831182091893,1005.5865537909532,141.24782872879462
57.604583170428455,109.90728402940552,32.3581695185783,6.989807323636741,0.9760329329855394,77.26704593786135,40.99423926741166,51.28167429809117,2.4074854825628775,1002.913579547619,97.6646699633644
17.716974761722316,10.0,50.88651075523514,1.0,0.4386327964991751,57.553865348137286,29.912010353721808,69.51071812726593,3.6179568038961327,1005.5765936487549,17.12089794361645
26.17155967999454,32.824345933300606,4.934754928335465,15.056108144739142,0.355345927967059,78.44193939059679,26.534065269287773,48.401262593181826,0.9907768222002095,1012.3504579833433,19.696062990224398
102.45930617718561,179.91754973115042,71.47150884369302,24.345023365799456,1.4615120260162802,42.14819583007511,29.1311880531892,75.3583597741138,0.6140064782910122,1001.5420495563246,137.58290576023202
59.633378747186214,83.00657999620476,67.90101350593011,17.99793466975648,1.280527008186336,63.416217955403525,30.460885537634166,80.8675215219336,2.7775587030813553,1014.0593905444031,83.12261776310052
60.6346228352725,135.43070324871368,61.786517570631,17.53798169717701,0.9478583473732388,66.48528334405556,29.244158096547253,69.08500101692492,0.6828684216127129,1025.0652841440267,75.5549817116884
37.77535794556802,80.4382646907865,82.91003299389087,8.968719926767779,0.48085329800971377,59.20537166598896,29.84322649661749,37.20803277402581,3.182947724635618,1007.5049341189808,74.1964151080169
37.22787384097714,71.64632025982121,15.6665602956732,17.767206496001457,0.5736727139003791,69.30358356827266,22.7827660153158,50.49809718250948,4.506980999896232,997.2448415737335,61.437793891243146
133.96311457413023,299.2984634917727,43.80467027464391,22.7111087348593,1.9077699492085454,49.48780348060443,25.186847624570245,73.47065004819741,1.0184176951718713,997.2420420294687,197.84088918316723
104.73598764524938,193.69341194067863,40.272816727984235,15.671410030908497,1.4134533524477808,44.93804543363702,29.253323814642513,65.31797965268548,1.087091438712039,1014.2125244136926,132.8094348054639
50.34202015231255,68.93711265250764,57.164973232251576,10.545911920234307,0.9754300625935357,89.87133927810636,29.173660149887816,24.58996073461268,4.420397024779498,1007.5220305683165,71.1993529183263
82.5399237775323,144.62881219712287,67.591039056624,33.06990844351053,1.3711900255176452,77.27795769230337,27.1690536257,83.6424557580236,2.3004762462165704,1015.0146471685124,116.85254275946133
91.94215520998671,160.75545613233012,61.930386335679415,4.153249968834942,1.5755516576210025,43.94906217233388,29.114932069617815,67.04984759380748,4.0390043938001785,1003.7309260067252,146.7710592090051
202.55822129119298,337.71983614091045,81.0772733533586,35.30529138930955,3.036588523560574,59.02733979740759,30.305074277071025,52.713880039999324,1.8400850309130616,1014.6449883803186,224.7151696755541
34.840539057980855,27.15897108232874,52.849924909317906,1.0,0.9170511497888605,48.84453749074078,34.447067282622626,79.92433396349996,1.9457007249947067,1006.7336066124022,39.8977097076086
91.17488155866654,153.0760807788038,28.411077260136434,17.075119080456197,1.1105388126670086,36.38168588938484,29.503941323869746,54.83689980639652,2.2573829501247182,1002.1399675574085,116.00048434941783
133.5582169671498,191.06687025484635,107.0749371946399,19.557966154824477,1.6268149919617296,72.92391258780958,31.995516026491266,54.67321823593678,6.169020201575243,1004.792012169581,158.41337599381177
188.6613774465077,271.68739413440005,174.3335804294251,12.9591389201419,2.494993660243136,19.233296542626086,27.291998492830395,70.37528976521054,3.8320321230496193,998.4235651566141,244.27355227768632
48.51260152691729,64.16458213355713,48.991949351401544,15.933812906700178,0.7193573790131538,77.80239832222436,32.86047861799241,91.71557688863442,1.2684131020884595,1023.9148764686529,65.16312608787975
59.10536382003863,85.0534726367282,59.17511711046096,11.052339160867069,0.6746826841002279,55.722569268081855,31.878651488061784,89.3538076695933,2.532644120881098,1007.2289454915322,72.33581577977554
118.59143591359594,159.37147918481725,59.04465193872918,4.4373215691415595,1.5626742824199027,51.704846271462806,34.329085015899096,70.3956724835616,1.7440291111855306,1013.1561127094576,145.36702875370253
22.471961921870793,55.25057407316298,2.0,16.413180156818513,0.4010353096576898,70.57776499946955,33.56730231222244,71.9357848827548,1.5029982626562792,1003.7050469370336,42.93172267129624
96.9352933940268,204.2125943783303,46.5528979515565,30.112284631194697,1.2452615857880203,67.7067551443744,32.94367811440573,76.87248398127238,3.122394058439115,999.5845774241615,131.92012721274205
245.90648986772592,340.2485956643219,101.33553941300795,48.42977352249969,3.12193050687396,30.453303627661576,29.5079129567111,46.14524486945976,2.700240700318036,1006.1289559126565,291.2406789523055
103.41686169422502,124.05038088661017,28.362473352025866,22.28167492851877,1.785615052910283,69.64571202196313,31.22469613522234,74.66222505727974,1.0285961247713684,1016.8095402670336,121.76436585758711
10.152841142408203,17.690689156226146,65.62777706397492,8.586806045705908,0.4216436040212082,66.22844239306136,35.31754464225763,53.988897977847074,2.261470303743503,1003.8341456688137,30.045187209581844
41.968717705180836,68.66220157972452,43.70748591797571,22.661499091788073,1.3715768814760374,39.033516311960845,26.739627152986028,69.77717100194872,1.4667652599583276,1001.0357442181647,47.94795923469019
49.61664900541524,80.20977592340333,49.81968156778645,26.413066563370617,0.8880268345698953,57.972927375131476,26.857961106515674,61.58798558588994,2.9885904258529385,1009.2437139549531,79.15020434669141
152.34533756085256,194.24107436629205,78.8298427724774,34.349990130307305,2.0056276072459176,77.67539527519246,30.90715698975181,72.51812490671321,1.4157033956258183,1011.992180805742,179.1769730728928
70.18220793239357,124.39847519831443,45.2602165084912,7.889564134048819,1.0932197158524393,89.56412973383105,32.076398451327265,66.7715519750969,1.954544118089498,1021.1427853508254,110.78614358577578
17.974335281160865,10.0,50.20221793250572,10.767679059458679,0.5298150179848153,76.47432541446332,25.879467503679976,20.0,1.5355952456733581,1010.8300038269799,39.276267044197866
75.6317632049465,122.04655062787894,51.225865474845534,19.59194073892501,1.266394647752124,37.523276156573615,29.626187182933457,67.68337567557771,0.45930410609247274,1013.1519414282499,118.0984464256791
85.86716370264736,191.16529143053188,69.90757211680963,2.8271238929798486,1.7995837958965242,66.9615511479942,29.530006128856076,74.63229428448894,5.973870733173328,1013.7542018953626,118.52272735263006
54.29348419930222,52.94834353246946,37.5319604435606,17.270103380882457,0.6901916941472346,75.9720175335213,18.923599421982647,71.6889252250768,2.2435252911550876,998.7758769445389,62.004071813226105
36.728795495841766,51.09458743559837,25.974135704827614,29.591390067336125,0.9055070604945351,75.12444006006966,28.902030053706202,63.46121080687131,6.107180158931621,1000.2933434362436,39.18712730904688
261.6335022058765,417.76876280567336,100.56222185259787,43.5155095911115,3.441539675874049,58.19849701991241,29.213410835757667,89.6324253789561,2.3173181965403438,999.3288296831548,316.2363828393654
133.82130577305927,242.88538609736682,28.775861038698466,34.84586134430116,1.4630812336340568,60.83303096461081,29.198535285884905,69.67059693682492,3.508938546784949,997.3428339544669,183.20066530482308
141.2076786426308,288.2883575869338,75.00440786252382,25.408239278145338,2.1371668392352605,52.39996360963975,37.07957137288634,71.5650995028966,1.3375456959470988,1014.3636789989632,213.63587543824968
70.28346867609861,124.64553206623602,51.03997820407519,14.84826964926126,1.4103075143141597,48.42670757963978,23.921008507455625,80.66737841075853,1.3646483649542203,1010.3204007333101,87.3603208581832
47.91925221401734,43.7997839294568,7.41041257858803,15.800481386329885,0.6107369256238507,27.003620489851677,25.876887143976937,70.43889499544898,2.153839988992946,1008.6359685047316,49.83618592552393
56.20821234090188,77.29472375386905,42.43182392754002,7.218372297032764,0.9222650811178299,66.61689481356817,16.93902100840333,51.52973369878695,6.072212311941861,987.2582678767818,74.0093214671912
27.364625246303085,68.03000642919363,31.65789543559894,2.573553531681262,0.1470369374537111,66.15978116603515,27.595416669129296,28.424938793305664,1.0595654688756233,1024.443814868949,50.83160669048527
200.2361709806377,263.14419718787315,54.20607678980249,41.158776975031444,2.338132436846568,59.01747149239568,28.021782229369997,57.84318646972878,0.35083018609745736,1000.8458239667716,211.0654907113635
72.22895564199088,149.79705819811326,27.624913551908364,26.64621341997105,1.3787548621082035,35.14589706936863,27.45011411832872,76.41418288821674,4.353588479734196,1024.4145020475116,85.20810222124058
173.66375414564246,332.85913860934187,106.33028670892583,19.910799972778292,2.217360923245851,62.71720007601969,35.5383866974188,59.703555028732914,3.6544648925208865,996.4060681547895,239.4749314223149
58.155994585907024,75.92838395274622,53.84666579855176,21.72270978673976,0.6706711912963745,97.32933213630142,34.303087611684816,77.01767558422594,1.6038110480547105,1001.5007907315477,52.94523625834766
104.36133358265873,212.55599087681367,36.12072720220241,18.82768022507088,1.5597010941065124,58.06319566738971,30.38928362133652,67.23092263880409,7.598339743578545,990.377204939923,136.4334476784431
88.97444959567031,114.00955584843877,61.99970358054502,20.39540254740388,1.1870902872902878,56.77206828662864,28.14693473230069,84.32099105393277,7.806993766130854,1010.8969998075415,114.7937556792903
24.995917522674233,38.45221147733789,54.808343519215214,13.681259218201415,0.43224559582820676,68.56236900772868,35.13094834053432,60.57174939319008,0.4264877764120132,999.1899454335102,48.43659081829908
215.34100211524853,345.9343973580059,134.3302749266343,40.79572399882437,3.0189235318017085,84.3547862755662,29.90121070082074,72.01422239851532,1.312398910290951,999.4159987672132,276.99563592090095
59.40520258811426,64.37725096393591,42.35019648930305,14.79036992547922,0.6724290913237845,41.82192408235282,25.908649805407713,72.58827596803039,2.142562037044253,997.0198862626048,69.58915539789164
32.252533386829114,73.26807224489492,20.81423219096579,22.15159996883498,0.4106890974714913,66.07752213014396,21.41875661257724,87.52402808946789,2.9329542150166312,1014.218840501903,60.232165711841944
119.18028214786233,200.3197096024634,55.89751485817544,23.776936575822877,1.718683383811565,41.071743826813425,27.793427530521587,39.40044040498583,2.6367603763981236,1013.6917092125403,159.17723853956818
78.25386589438445,156.97086844578942,64.90973422521444,21.38393808708239,1.4313988384196648,48.89360575323934,33.77321808586304,58.12387588170264,2.237423667968895,1022.4962711286303,108.75160741196251
98.45561608974917,185.91178114845525,67.18262656895932,12.148573198471928,1.7410074684494525,56.230925170945156,41.38269344771545,77.72774158082755,0.9265716280088627,1002.5143470314163,139.228965205255
83.58651127970967,120.02727728470765,71.34903022842437,34.29965343920384,1.0867727052661103,82.56489744666729,30.30805173094738,88.18844719667972,3.187407172802599,1009.7505549683744,115.98980428518836
11.33986149480853,12.484874158574582,26.399783000692636,12.119382765016756,0.6204225796676144,96.51064189281257,26.173222424398478,68.60107268963121,3.310933623628526,997.6853184207844,44.47009494727618
40.88846997788201,65.4632686070301,56.868910248732945,17.610595800106637,0.544626066366982,69.79548100505015,24.07517395857893,60.60943753367769,4.154088690223961,1005.3196878181175,71.27663173454484
39.666187206212214,88.18175811718937,38.214597566738,1.0,1.1825465832012465,55.04800000908029,32.75977448152799,76.35677553011666,0.8157593035652715,1003.8492374937506,80.93824891070841
139.9456418289959,219.58626060461037,100.59275672634031,17.2118608348467,1.6459049455930188,98.67364825317367,21.17691973807866,78.03054012847525,1.8988625609137608,1011.7155996599633,172.44150067688147
80.21859717082123,136.5338915093121,75.86893798603552,26.52930116384839,1.5447428687477875,50.886531562402936,32.75172550702444,59.60507481999039,1.5437283305295513,1016.1361744513455,110.78407332349815
108.3570872877739,178.1488227456955,46.647523523877915,22.297979420873705,1.3861635207486058,46.050986558502814,34.08855803131456,69.95460968266319,0.8020906282587967,1015.928533526652,136.1104786397821
61.958634906354,103.82279823764904,2.0,1.0,1.4968152325748982,28.094334405074598,32.18139726616432,82.70790893617954,1.8764543015572202,1001.2575018222591,80.62359684889367
111.75015495807796,187.53059336964463,106.87489113149891,28.716338026839907,1.7388320417100567,81.18963584975914,28.901691640307213,93.35688489911678,0.967465338835738,1015.987743236984,144.27968545411505
70.39169661626887,108.30683163649093,56.09273174512754,11.096741159130477,0.840696227043171,76.79708493338178,32.82470326773407,76.13907438852938,0.6860600736075012,1007.6473189031376,108.3406796848909
66.92805405685674,145.44832593264994,5.25547693818249,26.321902373836505,0.9225770287966542,103.1662553255475,30.854691855641498,65.6620834499839,3.6859706216151062,1005.4032248328239,100.61545036995892
88.57957368010743,192.34507953147147,40.015320725580565,16.926863412783295,1.5082501854672246,32.90221376566514,26.109380790697042,64.18887235943137,1.5971703283415788,1002.3319081054486,123.61401649474855
83.58109426355732,141.49337570803243,74.90834972784651,18.667384799791115,1.5161342355665783,84.56058699353939,39.25206161187513,73.36094835790435,1.2614714892103815,1003.5205136451076,126.1467408092561
311.9561901259532,495.74421274061996,151.38836477835662,53.86637944384757,3.9757953835803224,41.305944120514035,28.24160310194742,63.264907362808245,4.8300384140536545,1021.9385107695699,393.95849015549544
40.53547887773791,82.12007201427953,23.439430012003886,4.684313698491251,0.7475903167737216,76.26696559218342,33.878761502249546,67.84460748533583,3.378074559922158,1010.4592861319522,67.93405103046797
22.64710758176254,50.34490209828139,63.21324491961731,1.7748784471399883,0.711353549142167,33.52824285357852,17.906928586521428,49.13185603203688,0.31060909984553686,1009.3968947800097,31.848567865050043
97.06680179605318,190.38251065308654,35.497882148628676,17.076028852341523,1.4477512283053433,83.6601286642911,36.38235441390464,84.45585794736738,2.9462360924845106,1005.9020251317045,128.44457360686087
45.05833644091758,71.8726069534441,18.322417454542062,19.024382769879885,0.46732382245641696,75.55263460869955,37.34381872327291,47.89722909276982,2.936601951635958,1027.5678288915042,57.812058598078245
9.941427990360374,14.21607414013081,27.758304471868858,1.0,0.16605362972427934,63.50430513461925,30.149168935633192,58.51832359320481,1.8182664668222863,1018.4400839107714,27.384542865117496
33.61846923556786,50.45866405188523,42.889684457352594,1.0,0.7122016166147307,73.92255083905475,32.79385517368879,66.46389891277721,1.7667746411600824,1002.2315030816096,43.43585905586998
271.8249173200666,500.0,152.72978865254825,46.20875749475833,3.815769611965223,29.475091195634185,32.79257590803781,94.86480319832958,0.5158350660587102,1005.811079562363,331.94473849835134
39.71095345061598,52.24364082246992,58.650880167000864,6.941487913537887,1.1305270474479037,51.393202183480135,26.78608215179638,58.659755227215086,7.543165645675433,1006.2860436530327,50.07511581396446
16.32974595801944,23.722140896490394,30.31285119814667,5.821761411600068,0.6408393066890958,55.351617278101315,32.7356115271967,55.00976279059405,1.8710207742194593,1009.1669758262608,30.557489504305323
261.7282415946313,435.7520858378777,148.01230719104433,23.552905775834432,3.4625615893946664,10.712639162004493,25.956847650637222,56.73774623999309,2.836972241284377,1002.3901920589485,337.666923118502
32.56320363881564,50.55477047350834,26.17321015458996,5.475749921842019,0.8279619151614068,77.90659660455536,26.95621538177337,89.88345751416969,1.9492611748974549,1011.5105321868936,68.59717343087688
350.0,496.9237823927641,177.06745758091785,48.939461626950795,4.283312287448286,58.44868505528619,35.63471571606149,22.81479509740968,1.2785782672172301,1019.6167050563145,432.07805080909895
60.085270199046704,48.47828170977375,47.726726090911875,21.65325528486874,0.9327155023240069,47.56898368832711,34.87328845350101,49.95892981777119,3.876562036393128,997.4909751279667,75.69313986314212
215.87997050407586,354.7733744743938,120.52344012231003,26.73575513061199,2.634526965714041,53.99725664668067,26.468122489421038,95.0,2.478409674511096,998.9748261032635,274.6889359952128
65.88178251521427,114.32793858136223,66.96029732141544,28.164822863685686,0.7283957375056432,54.9497288554566,26.332118282494797,73.86323110237456,1.8828923734098797,1004.1347315576215,107.43538509459412
104.75865414091986,142.71153222358038,79.02003641203471,14.094590303471978,1.5904911026000894,62.52823898618496,26.772016987711638,48.4102257599117,2.815974424921299,1004.5056355191374,128.48646742994828
71.44728911358114,129.61920560973797,51.25670517361609,10.108940280948339,1.1537457960091595,47.98782652911498,33.663197832327455,64.37123026737842,2.084608832512249,1023.9877269979675,98.90773755676541
66.22758425337346,140.5489756279725,27.574263290492066,27.24617052558723,1.2166441321677346,43.80014045015268,25.000076095948014,66.01181849101792,6.37433027572907,1016.0136737601188,83.68476822453663
91.91143406244007,145.6469103047059,61.05192677966576,19.721053306404148,1.4894651664723926,76.58443322343217,31.783563195179763,77.69187868858408,3.789690610085948,1015.5545788169461,139.91770659017
107.2118080602285,150.28477440818693,65.54486900470923,15.449219135134804,1.5972027645537077,55.27338482294085,33.73423405317147,92.59253004233845,3.137399364907424,1005.8850744518928,141.51287845242118
87.33387622854377,190.04865244634038,62.12978379817466,16.239000097980504,1.4371606811619138,94.41125101707905,29.558772748534498,70.82827521918823,0.5792405387670352,1005.7094927457055,118.94727083206506
81.47306374023862,123.67997250919777,109.82601136161743,27.601356269165105,1.2170059908259943,59.315734267075435,35.050318484324634,56.90317545480559,3.211945828172361,996.3863566898768,117.3565067162117
45.34280275808565,101.30684859128704,25.309941777607655,24.17075888797573,0.8973364819026279,44.70317105304429,28.478449152551036,76.80626663147306,3.1579154504089635,1014.2539218243826,76.75104381719156
73.33770256296884,148.36456200628578,61.559191631469965,9.266178873394214,0.9485163300840362,81.21791957080939,28.930721995030428,54.526209547057086,0.982411318502907,1011.9284368384702,101.84097315101157
199.65188672082243,281.47359572043536,134.55490070547756,30.618755925865827,2.7382491220596514,60.38225201696256,25.11376884434072,49.49993756016456,0.5662652918166419,1018.2879789174262,245.7943381395516
43.78898679929368,51.12095141084192,40.15509191216673,12.975933037255826,0.9425722629130265,74.58059260259213,35.085886738101024,38.60136692065332,3.6869296648701364,1006.3133622931507,52.87012805824479
93.6813195035615,163.3902724505376,118.6027217559068,10.3518374562946,1.206755477024687,78.93630665933762,26.167397765105648,41.52307408249399,3.99657951442946,1006.8657668303969,139.0587388525493
163.22989259974713,241.9467174813938,82.0024693765993,26.1421066907697,2.2217167359451775,40.19127530279593,31.748859088575298,51.553322658135926,1.3703160890067763,1009.3603642284851,200.4380234690955
107.79133052056228,203.41394928514137,74.60832929225421,19.97754254608108,1.3875953388394073,54.086133996619836,29.643419664370327,47.333153484486935,1.3214753118629496,1015.1351806040568,142.75333638178907
140.87396636311155,240.7102805665985,61.42314124107565,33.02655179506727,1.8088609222283099,50.643985724170804,24.736084684441686,69.69854791062076,2.4483103390728163,996.2382750232201,165.58842820719548
32.150472580134085,76.95901330145345,23.67959428247801,20.517456936105695,0.35457333218607046,39.19452452910814,26.954484280883396,47.00897261263947,1.593167349253378,1013.888449069907,52.43630428366309
93.83867459412092,127.88422164140513,66.45075132727086,15.626965764422447,1.6925078264210898,52.74828332962195,36.91436119520367,20.0,0.5540699889960274,1007.8360355026174,121.53491538208779
63.62933678428338,114.04203984923143,67.79080311062077,12.92389526322751,1.2799733350914126,83.96448329904017,31.008287713172404,49.34132338115801,0.972832183121964,999.5309018563704,91.11885863355677
65.55677855626732,94.28413993232277,55.47792120090965,20.181151843197163,1.1710398062320422,64.02754358378786,24.95424829316579,57.92210528417871,2.765770713928418,991.3231539787674,92.89096678280386
189.46494473210112,267.3329463453104,134.7370963628139,25.05428577643604,3.0166283247711667,25.613700520222128,31.52664143674346,55.91825768192052,1.0205258423610768,1006.9082103049732,253.8790124189897
66.2921398153337,103.14369005508058,45.45733015208337,19.664177991739265,0.9981942536419065,31.691519404804474,29.269429842027275,87.79287018963777,4.130090196816242,1019.5817038661926,98.96812645504727
95.83816968636124,137.03016972909606,52.82296311288742,17.79732846340963,2.1579986400139934,87.29891548255999,45.0,55.796861610662745,3.1233532122688157,1021.3974773339312,134.0191994238241
16.349053823127072,10.0,92.95670190239184,1.206697836866283,0.38930629203671974,62.066333509557495,31.42561920671136,78.21385194798796,2.842912166785013,1010.8430096853608,34.36447790940971
215.73555944520922,311.7228282947397,124.93694298639493,25.23357343038793,2.9026250512815146,36.08777154175415,28.096875764668177,64.71526100478708,2.412154564833565,1023.696045310738,262.9158913041853
135.80581766484661,167.61679945723992,61.125579299717295,34.87316768803041,1.7802253334931073,49.203682818666216,37.10013958893552,64.36542911491102,1.23225651104834,1007.656471336346,150.7347107866447
75.23068931161214,147.47474109397197,34.497216134023745,14.776310884247069,1.245849661754422,32.39000527735905,20.79481916353577,52.46929566727945,3.417065595184004,1015.6264284131422,98.32986734567679
61.642791798756654,96.14625888658645,22.17225844615698,27.519967767037286,1.198617233556641,85.68428934730862,30.471600781905487,64.1182602262885,1.20379406889516,1004.3901528887486,82.45887614376602
114.85670263712662,257.8037901667677,93.09975008312668,16.67371423073591,1.5998013333822485,48.736510912481336,39.97214247340536,53.52355809653875,4.282386703656624,1003.8832092857268,159.65031796536013
162.01126915000842,218.72956341617936,81.79563879517275,28.770993907052958,2.638315191579506,76.65232596729092,29.41900357820123,67.55036471381855,5.746285806335597,1002.5799270649549,202.77855838996393
217.51747301818486,382.3176445469284,119.06692474959533,52.24351054632812,2.919996997376584,48.52833301859688,21.333494776759608,61.456255510644674,2.4680385158854143,991.5157684230055,274.4062826346246
133.00457463067076,209.38729349387333,76.26434172284512,14.501454998374257,1.9136762420955988,80.09120957177825,28.02041017794701,50.830581002125996,5.26524900856547,1018.2967380795753,150.90322132436685
82.22500844846309,149.3360474305997,73.28856400033175,1.684485014617355,1.0094506777531276,63.04250030689849,37.272590204795186,79.87841509550893,0.9844923523897076,1002.8669404868958,123.81311975343806
145.94565886130908,299.0340571059084,62.50694416548859,34.80620011365495,2.105972674973305,68.68253522273864,31.880347981603855,71.40260720032138,3.147196185669315,1001.5884897619584,193.41776195891867
129.49362722382395,263.46599035670783,49.382825097145385,15.924762423714284,1.770416721483546,67.58418465168414,25.805719452437412,58.27905898786628,2.1969465852236825,998.5602265470986,163.58290357750926
82.44215539104685,160.67231576600983,60.70640260551094,16.727407734075754,1.0872459323582406,69.62386676125172,26.57378596410488,67.18239570552964,3.729131240537226,1006.3651245077098,102.64124588293284
127.10811137332537,156.15401256664424,90.22263223549383,17.565627681186363,1.5811787344428136,61.094171679422764,27.201498644250933,63.74266217747054,0.3311369496357211,1022.1079384844779,161.68700314093158
125.60088010756606,186.40076439252934,82.83370387584576,24.217407860550455,2.425151406229964,50.76061670131419,31.80598942026998,51.98613594105089,3.5828928342235624,1024.7502308065818,184.33753116886558
74.93227319817656,109.05504695684667,31.483179711746267,8.38758312629525,1.0833179658333598,93.48324259245736,36.690980664693264,66.05744343531745,1.3287090454067034,994.7130649935833,88.52538520909383
53.48666274177968,91.27807404473398,59.0061192860857,11.978878825947113,0.5275935977060393,44.39620124893141,35.26211506399586,55.68482367788938,2.275763071058617,1005.1644160321897,74.04752600882874
118.76285535830088,224.5522393549974,52.84676173384454,24.85006525544838,1.5005988993664676,55.5765091335128,32.28006091054564,50.82599246569851,7.4615649996229445,999.7251378392505,170.5172040610992
35.152242185347994,96.66889223693042,20.78004286374702,3.151797972047664,0.6589349463551225,62.455766378908876,23.341776199712584,40.65849004600213,3.2189512153048283,1015.9067019296922,35.70840250124888
29.05872181230199,33.428767909905325,7.47758669748584,4.886374380309127,0.7353714199017451,69.91923581519923,23.360337430032793,59.62088969692054,2.93751326651342,1010.2927483783515,62.13272684252066
96.8407598626997,187.7125651785626,94.10730065451563,15.841828514735708,1.5507882487837248,49.522231584883,32.66626010606882,73.50455989375585,2.7758049106316247,1002.9074453809613,171.12436320648771
116.70403536516564,243.33809518363464,86.35235444000827,9.573960770009649,1.819602062326119,61.32911067139933,23.272644510335528,54.580109699317106,4.577269523597706,1008.5805846447281,134.64475798587446
96.36144644776978,140.4995637607982,76.48748529346824,15.182885711342403,1.245122280713905,54.251917750525024,28.87216489465698,95.0,3.8142527107878283,1004.1806510287383,125.02591437047997
103.38279313470804,123.13155082724607,95.70254243917987,20.35630749538818,1.5757036284918828,28.254231235341173,31.520752230930885,78.28528480479099,2.797090879235546,1020.9139687549991,126.44752116956246
115.43844360115521,206.68409169069142,140.26353082648794,17.656221699431196,1.416246457186218,55.93686566453081,24.312030023186555,84.56495198990717,2.5627148027793933,1012.3756761201283,162.9870354523894
189.90325999065226,315.88910645548975,60.72581439803963,27.617379255424474,2.3739283741343242,29.997563206205086,24.878688328205683,76.92864518110638,2.4447130238736996,1013.3585873673316,231.519084677946
134.45316511500897,202.03104726611303,60.04450977982634,22.975166446548393,1.6340107377550428,23.02480306671906,29.529394677160905,92.7929746240786,2.11075451382481,986.6646601757368,177.38096440391277
131.9035554816931,201.33813028708897,61.95222286239881,17.58247895834466,1.5357454521307499,56.91143533387348,32.51825143762027,53.19497024791187,0.8035388683260708,1007.4656905693695,162.42396610955012
91.95440189619397,172.8424078722603,38.10899029371997,23.563028754478296,1.6195051949688297,66.42554800465668,35.307593852068784,26.588939215120675,3.172514197114974,1024.6656876724724,114.95270004215105
94.24685585419698,160.05748761427827,33.471503944295826,29.797447700917843,1.553115195495086,66.94081628954662,33.03526717385276,58.30811587470676,1.4357381329150576,1018.6090325602935,122.02837540365692
70.74661423501101,124.20905667302038,42.34464980437082,11.774550570637732,1.3431257133146646,69.54934358755361,30.368282974960973,73.37327863321306,1.9285174794820328,993.2232833126376,104.57931083668939
101.3945991241373,166.70678542875453,33.212476723626665,23.048937746718135,1.4765634559957217,22.10182969313803,26.269026232214753,67.27275457621968,3.9858999282239616,1005.4925933385313,116.51242610910825
33.738953665390994,46.525472561517084,41.55858833786127,9.131737196369745,0.8490693687009786,37.80257900443427,24.645465020777404,69.13208916451676,2.1469331808661014,998.3878442726502,33.11189933974457
190.44571002517336,298.31893785246257,104.99302754704338,32.77738396332884,2.0950261691414442,85.2877290606322,27.44561455835426,84.81365004004809,2.027670525379038,1021.688812482903,261.8201255554879
41.63471986425934,78.01021313996002,48.76134055800809,24.522402633337155,0.9653885178824508,42.81946472947261,32.04967792490284,70.7308636169375,2.473298216794306,1009.9542262582073,60.44727848604135
134.28133609012633,237.70487706449737,91.11981253151316,27.183036674959947,1.9056559905827737,65.2526316732503,31.683118533136714,76.98369391386532,1.749789861177815,1001.8576355221485,179.83917971889002
175.80128495703315,309.97428429804415,112.18574956633182,13.90883788436653,2.516392819521689,38.57102001345212,19.500490071374387,50.90655887220862,7.360210857369106,1008.2732635483263,229.47839106722478
134.08106473994673,170.92329953602325,69.00125571237896,26.72169282036928,1.953978601641514,55.70762412762043,26.071614858662485,48.56909466175945,6.726794012873703,987.1410757674521,171.2186405121132
286.663375022643,336.0792803937946,200.027103826031,51.26251494918923,3.443196711637494,30.668354357263862,36.02253775803078,89.21170884536731,6.615550219401145,999.3203095723474,367.0183681191572
12.055831105356415,10.0,29.285901909462833,6.673930372657948,0.05,74.14327429472509,30.396075239020696,66.51352302720602,2.782176336484755,1008.2915498066105,27.020483041282223
56.08958119540863,104.69166528819922,2.0,21.695828192391694,0.7450614327991627,62.97476761606789,22.91495543448507,55.651562248307975,1.3647421720402344,1014.7654029476266,54.66936443715677
173.9930317858258,331.5001778294,71.23747065946617,22.358239485083526,2.4791457017481378,43.01134153153773,41.779105907990754,55.67908259679323,4.0568444371360055,992.4694870352213,213.51976657312179
28.081971997467328,29.61455205312661,2.0,1.0,0.7595065177634568,43.85034408594983,29.855291338426177,55.26315317542614,1.7599605240942062,1004.9507575383806,31.954894764407957
42.64886060496632,95.18771271416377,37.62535300101753,13.24721542325708,0.41980075791413024,66.4080267064679,31.92166979656704,54.365614684312376,4.2929826756934375,1016.0774859081506,61.12442982017204
110.79036367470574,174.66981265565278,64.81053305228424,6.243029874994177,1.3342095222294152,34.30783252325692,31.997623780225673,45.752782960945105,1.3145750477805531,996.3883734050138,121.2493886839078
81.54016351047171,138.64192753359862,42.98243113222583,14.866651518107872,1.0476730406404509,66.17144567733736,28.162022669199068,42.493693966692376,2.921304790989151,1009.8334626782733,116.9918049564054
106.39688707108463,215.48311427359525,116.15175199200092,30.06236454969418,1.4374363797863117,103.76497739697743,26.36213159089303,62.07493433518371,4.693140885250317,1008.527796024848,143.76538109023912
86.32990258178813,125.37338551856178,70.57302801372744,2.0814850638443296,0.9454461232682945,82.39666871617317,40.6083749253297,56.10611194519401,1.8343396325083312,1021.7150425628528,128.5131584803485
91.73206249418274,123.42084293973727,77.4318871585406,7.771873131990745,0.9952718083951597,70.59169696456031,35.01602934808875,81.60738928164943,1.829412403256944,1006.1589104551069,138.3827578475487
45.98537779743404,56.7901768333779,15.416582810292741,4.261987374399464,0.59636570946732,59.78023841686461,34.10968600554338,69.39614979900375,0.6234905727630085,1006.6271952129995,52.98192740827923
89.78082813687787,106.41509931252389,33.42275037831973,17.267140498737664,1.348933396698786,22.919986462986316,32.88144595859105,68.97976520116974,1.3470303484082717,1014.8396780253175,114.09422169377233
58.92784574703629,99.71824813732282,45.4376680635902,11.145607204474679,0.6619855640260628,36.484617214033776,24.98341304819158,53.85319388668324,2.744839674352704,997.3892106556052,66.26010672391197
64.88773854323651,74.18194343928828,51.52466083576208,25.979619678757082,0.9997019850258967,82.89925232638993,36.38765095870137,63.184573763300364,3.0364695721514248,1006.2329343475932,91.30312319189053
133.12343218574017,183.77756928093496,31.497755305721647,30.6095984950224,2.112119390264336,40.134515982894754,25.784336709941254,70.4150165544716,3.342341598964324,1004.3541999132759,155.837359425967
26.86630614514232,31.323147875006896,25.582162194075693,14.18614030596586,0.24695073938833034,50.26415774143577,31.41643399075323,75.74293609569013,0.41450743829432146,1006.8887054983592,24.168907742718076
7.589697044885478,47.833379319587436,21.767165742036088,9.075806160137336,0.28946492493599085,61.411115674096784,21.803050472677157,63.59162260222452,1.7662884497378954,1014.7872515917027,22.076778132841724
127.00007067461095,151.69850939317058,69.77130265929671,25.385846696831933,2.030190031533025,35.723161686793134,19.7957057467624,81.18685668986313,0.6954079737601311,1012.4332918806574,151.35030427957003
89.8414042168537,125.64203550925038,38.09387158891725,10.885109663515443,1.223529753011292,35.73085044072225,31.591456013265574,65.11983963361914,2.650127399507668,1002.0105415317706,107.75632347189469
175.68217219413938,331.14918178977194,83.56859793933423,34.939543491749625,2.214768643615068,50.03689291440325,25.95450366402546,76.8927067777652,0.5165758246479578,1009.0935936266177,243.57171264143966
43.55263928070552,58.90080125473899,33.17720783699758,3.3299626788110537,1.0635056249450847,45.468258673446904,20.054162143513636,57.65221687116274,0.8902605834850115,1019.9235329128041,52.4966610857487
73.29606816737916,116.21724159649578,53.25323126557182,22.478544131303344,1.053002298265663,45.79798011058956,32.703047514735374,37.811174501470376,3.7711546532541806,1001.3490744096216,120.67083753821346
83.67434070324681,73.64336307004587,70.77324288022527,26.530060901340264,1.5302158447403538,44.24461427309414,40.600403855253944,69.02538482027784,1.4723331762744678,1009.1613342431762,90.24945924672042
50.331851371192,81.756219524292,67.67073824080819,14.726738981247737,0.9612235642361038,70.37593573932507,36.94780129290031,75.87986094719938,5.294026539068493,1006.454714584491,96.31272261381415
39.321364701035876,86.54601046608401,28.3359210272849,10.308859292428497,0.6361452131849713,57.6760283950007,28.713410573671638,73.63020997711354,3.4014026120394685,1007.4959598733058,48.10651259701761
131.11943593069304,225.13720946070893,65.59984126592792,25.93681157816055,1.943355863817699,51.29614970345519,30.04422653348473,71.3327999215616,1.8420273040216637,994.9547390220048,172.71215574535918
24.6405218189004,38.99955562021742,40.02962665686283,1.0,0.6257986402883142,73.77378440604787,34.438531283919566,59.77119551067519,4.168928194601314,1019.2861028344977,35.13724186027593
34.301665031597516,84.15245875349207,48.70687217449024,13.534265551675391,0.9168406856297888,59.69915384927928,35.61064009917453,52.89880622831612,1.9601298047780922,1001.8051847928946,58.19667562009658
71.58772891510108,143.59517237730748,39.35946718032335,14.683695487093674,0.9719663625149584,54.264413854562804,28.282321405871507,73.27592403565671,3.6298486127420295,1016.2085757612283,109.68568434650932
140.94321636675267,179.4245513784901,101.18428428919302,23.508161059554393,1.951620113096437,62.19264909092286,30.170888578622872,71.39671124297412,1.2946419611508444,1003.0289871356199,194.60295311536856
52.82882903140256,36.72286678637789,66.26260659303048,18.99171958695093,0.8685670284756714,72.80125486152515,31.50307403382268,56.586513637342605,4.328275748536834,1002.9959627848339,83.2787320550143
47.93907846417331,74.23805556189808,71.86474695034482,12.154538043182974,1.001305976980026,58.51755073171126,32.76938160139416,81.64136283788085,0.5660264574936096,1017.7049860037238,70.0684104068878
68.64221131700486,120.25455124491882,93.34701776064776,6.115410504831319,0.8174117371930145,60.959563055809,29.334617789943664,51.75701728178599,0.8891091781485466,1015.9510768278234,103.08656810925486
100.01014626988467,120.19083892487552,41.34416235496213,17.869996185783133,1.7043660172980801,42.92696416320932,29.39957377465628,56.24714931813439,1.0266975947364252,1009.6693271917119,113.27920674751591
61.25639052962631,122.85122334173012,45.91283097164462,14.891210736201753,1.10165887939812,44.607193980668434,36.89916164877194,89.54637818512498,1.40612310097205,1014.0892043984505,79.1069037483377
152.4509112634381,279.5494065506902,86.88485248401365,26.21358064426067,1.7501796667530205,66.64858213432748,36.04760351221443,78.0287290660087,2.812767270440634,1005.6915777579488,187.05726631972712
156.51339282597664,296.7797550566177,85.9791875583768,27.076962077397738,2.430226420281845,60.48788569972506,32.387052867180444,59.62986041163466,2.2305573377104824,1007.9330589782489,207.4642996801798
71.58511587424455,130.58515039233797,33.98172915315664,23.905166264257772,1.6675446606903672,67.4685626215588,38.59554535011464,69.31071064465326,3.6576232282206522,1002.7070048602894,105.39900603568795
240.5996520259999,484.5039905953316,89.13079333092317,27.183681818846804,3.3876543166993507,50.807406114979415,28.067771188867916,67.32188366785758,4.735533459504885,1015.2325195944021,296.3860153559875
82.38481767922433,121.78420552185011,57.39015410637604,18.291781770825718,1.5953640039573092,59.24087355033122,38.114867243146904,23.815792025339327,0.506152887231543,1002.4526933506612,111.29692150840464
153.21879412260563,222.81733405229076,67.73956586647472,35.7056928836586,2.1099683748719147,65.27791050500139,32.712577217677755,51.40289075789927,5.107330470732503,1019.8812507595028,208.44428704381187
98.16981023978683,139.80242279582353,64.3262516265947,4.903485253276857,1.0126614929428144,73.97837287922715,45.0,64.23730074336078,1.9283272020546285,1005.4733266534414,135.3586256309156
96.96008502150153,228.2279351667516,41.78094971720435,20.07238364882061,0.9524909074661372,73.64529729171153,24.037590366087613,59.65082785161041,6.534448568793992,1008.1640685121307,128.3715693124916
19.770846193733664,51.318154059585254,2.0,4.689473527463693,0.5510206652917436,61.60432981747354,26.55327373891329,68.7065384724563,1.2487693455153843,1014.0698241652346,16.431358470018694
31.941496450409716,63.279234432383056,38.23113241210682,7.867296498264325,0.4853032554724217,87.41054942232631,32.09398914100274,81.9422346942188,0.36697145033445283,1008.1909153695167,55.342785123499475
63.58090301059484,74.57405540652985,50.38444452493008,7.3912483355560035,0.7843267665453003,64.0258200303342,31.98617026489496,60.17696323019109,3.4271301705561736,1005.6167334857175,52.298261659228515
155.77063498931398,316.35030185109986,102.57883502821463,24.336070473114127,2.1035609488795988,63.921120667039254,39.75069492087509,49.135178058157024,3.2852928015741947,1007.7598124175322,229.46869686707151
99.10067486153918,166.9781615625901,117.24189784813325,33.622125898799936,1.593104420303792,62.149528046104706,26.65812658350233,69.87277487766568,0.9099788308146421,1015.1505468284606,142.2587299238425
64.00073028937565,107.41982874088819,53.73256691049021,4.564644745307369,0.6548193767819711,64.32606231156508,34.52459259346942,60.10064999648295,0.9913499239991417,1002.6971822229063,108.28590217187856
117.44613271276094,242.36726012250105,82.97780389734565,11.736655905700694,1.547134187483035,42.36077355847337,35.81231502340998,62.65904748767146,3.8401652024316046,1006.9901039418139,144.69226921785884
152.1645322929993,238.9870450773901,59.53500631016655,14.84426731385188,2.45344205829607,65.45115250676692,33.523239161103234,60.62339421270382,2.9064734959046405,1008.0822938186998,203.34147138103518
78.8801356764808,122.03784664096439,21.323375041007004,30.284962574202503,0.9277395330624261,109.90488825421903,25.1950182903784,95.0,1.7872921291739945,1014.9166815642212,95.78093510367897
91.36105172199633,137.98171225460334,98.6832094442317,14.264608562469261,1.563772917455195,50.9448045160188,37.03879402627099,31.389436085030823,3.1097939709119964,1007.2012370090285,124.6896789022133
83.63978382258605,105.90581741033458,32.550908221831136,16.831661575928933,1.1324947154837843,59.58672217184218,36.14662465657707,59.17499145301031,2.7109522725011606,1022.4663927559498,84.84173871650208
75.4720181807117,128.65741673469492,25.86380639460421,12.834378652835486,1.2921126581310285,50.93054378729234,32.99792259895189,64.94466461527412,1.0831761517334402,1006.7476913782792,107.11153171227704
43.18393586382771,40.5468768006219,36.45529810830865,4.626689276434593,1.0425391071666494,52.76092690277896,31.02173843604477,53.28286261575832,4.030904576530905,1006.0985308927577,66.40503165126277
40.595482012117905,51.46493606756152,34.01315657101835,9.990252668538666,0.9224662258916703,89.55245204516667,31.130540050221857,78.49738748192425,3.529180470628815,1006.6317430270582,77.95801252787264
116.9691881009921,220.0305728681814,48.073471984364154,40.70225141801153,1.8809201577653745,43.52898663282627,29.606321038803113,77.1988651807946,2.267169551068257,997.4668685707359,171.3714298944424
153.99174210706147,271.2992470822612,79.67195348035015,36.61557642064142,1.810002521932749,44.14721211084058,33.20392567126321,64.28368072267189,3.841826748446223,999.7061852259305,193.83296133831882
63.91093432794662,93.54381643480838,77.49431338882859,7.845809577015417,1.2953461386206842,31.312254426600845,30.155674264724887,60.93989366984459,7.0531116640858675,1003.7546648820872,82.07832765199088
62.84908068577686,122.55407630297884,26.13224608780465,19.72248250678671,0.7910156895706174,46.3350625033774,25.757375123236795,63.320647486525296,0.9812548934410156,1017.0866387908011,69.95993268989784
14.957427653109166,31.781784016046316,2.0,2.1427091370420888,0.49437457323019457,33.052207714591006,24.75704177586204,63.42820019528284,1.8481145200614502,1007.734991525104,43.6992439464887
12.255997634840456,10.0,47.08003945817301,1.0,0.4616335183673922,75.39200477502749,26.239818731738538,63.82440457811356,1.916839153529577,1004.1228464830743,16.87194199191019
179.08420700368893,374.9979762463997,110.89531595011094,36.64619218175971,2.5202911237616625,101.06781343277646,31.11066121274726,62.18001347724801,3.7863568760104878,1017.8122779648528,267.1261295522624
45.421551461631566,81.17021435522766,22.926732641517667,21.731328948544196,0.8792977865546265,54.76605759736008,29.865220817823964,68.7867397188859,1.3924341890813376,1020.4094170631381,71.89514316963798
298.8454128850071,464.34806546000425,112.92626039508023,51.22986755458404,3.6251924599889045,11.090724175375161,31.076718966443746,76.29818097241798,3.647349923834377,1018.043059687262,370.49107917846464
51.75943717176252,83.89265541829512,22.67616281632905,9.45221046685492,0.5336463929872213,77.0592389859942,32.50406566773056,46.54609778602135,1.5250115002117268,1001.1752800221187,62.55818621521003
20.400534575785212,25.945808187748266,25.812629637871563,8.113858277078336,0.7128935848998648,50.28330797319436,26.863395370415606,49.24004151150277,0.8854615576111554,1004.0380110384508,42.69565292512825
84.09394281815361,159.1061201609432,84.9840765152646,23.08939756744342,1.3055859581975722,81.66072932451144,37.32830084172674,38.772229557747146,2.3638098652724966,1022.5098885625177,122.72236507120593
130.13941414215523,202.14222232595347,50.64818699222844,25.748697995843486,2.0990171799453172,49.512324008408584,28.661445864762626,77.995961005364,1.4992390659715389,1009.9291175360001,161.5816003674956
120.99287827703637,209.70570001667957,70.33379818687953,18.370045622868012,1.6907313057774693,43.94788733434704,27.832865076092453,68.75484939785694,2.532418279604367,1005.8589834808314,169.14517095223763
138.49835165428104,228.54322442694408,97.20287474179891,10.667227637568407,1.5606891296821324,50.71689586423516,32.411931186662265,72.57901273899157,2.9665610883601103,1013.7467836906467,178.41369459187686
36.563393715387036,47.18714240266615,2.0,12.298608798982542,0.9302931448356709,75.7149101996204,20.817448988124635,43.55752642454797,0.544297863745529,1016.058392538865,38.09784116736133
176.43995838420136,288.8884409472299,123.24263547136312,36.80487211999307,2.27468684819514,46.79123197566207,26.047327751385403,91.77422184320207,1.6363771570720511,1003.4284034325739,239.33420151233483
182.8927384073023,296.90345832262767,70.7404679781251,19.366422296603016,2.530213725242883,41.42753627712912,34.90536399345916,55.86723637781964,2.365195202365752,1009.7555196689594,228.97711718366037
187.85341847648016,275.57757579683033,110.83392565083945,34.65248527058544,2.342376164597882,46.39275766826189,21.312890354689447,67.52308710666884,3.852664031496461,1015.4124805537365,241.7064286290586
93.50146958009218,164.0895351806924,66.24274005131008,20.8725099106806,1.7830930625195287,34.6264891125767,35.58787098466578,77.81576991017558,3.5464984941335462,998.7177028323212,126.91209066242378
60.381808621797674,97.1299866292467,72.28647366640507,20.24700314047439,0.7554404974157729,67.31602415154782,37.55568283179567,50.19530366305892,1.161303312381259,1008.0987636594091,72.44681264334281
56.48926706978101,90.35069059230825,57.19327970373996,20.75451604612578,0.8435137663108284,28.319779945209135,28.152723310881257,56.80513462231,1.9872146412784015,999.0848827755942,102.8169663213689
20.293950517482806,11.425200196428094,2.0,3.8795521266951134,0.5203895818841228,55.3822977800221,31.459063837131552,67.68757661901311,3.0722624993634087,1000.1313560245856,44.02803323284405
52.62479840073085,79.28585293102142,22.061678101429102,1.0,0.6084519990370307,74.45894988689491,35.59543542425513,95.0,1.8870706841231113,1003.4951993801576,76.43739452382067
6.913178728904487,10.0,24.566058661839023,3.5614252420055044,0.4155880268937526,69.90181479447654,27.6660540597824,69.51687114278036,1.2557886597272632,1011.8169563030358,13.658214810127141
17.734518095045345,10.191296818353376,21.10603598977573,16.2411607116215,0.8657918365074166,74.2070088661514,34.33887760263091,89.09541725946077,2.1695146725133623,1005.4238189708949,26.401800475334596
92.8547611519358,165.5458128039801,71.72491076229038,13.806540110024525,1.241641593649802,56.40079699890657,26.644256024346642,83.08509717787933,2.8780405142813175,1002.8126550002528,144.2086359261928
65.488988607186,131.32712198850905,67.20420876497634,9.306332042001184,1.1346535680441634,80.81631216916442,27.611988533334102,70.52015054741778,1.0704436727207276,1008.4124365065996,94.06553906440098
90.17633205990035,140.2598591099302,73.79064283769713,3.250357111790935,0.6447571382091654,74.43047897706423,26.003317678375133,50.16206342553982,3.2993344608852824,998.8242981738686,107.25574548503688
123.8219086363801,237.81510970958897,68.36298532250942,35.879809472773125,1.726130603515351,63.12478538554774,31.713235995974017,80.89630416227352,2.4644553285411943,1011.4304257426713,191.67263565017885
101.50112764193675,117.64615045013765,17.517082160859523,25.785844448434887,1.3897529602216896,73.57573378028883,35.78984526282775,42.528344875279295,3.3798058244060294,1017.0510940956665,115.56460382604989
95.86462374651079,239.0199365425928,49.75204946455942,24.66292269977941,1.1957510843555332,70.83845407954352,29.07943533941418,89.01312685515637,2.1348561513688384,1007.3663676720959,161.81687812023347
73.8709493606982,110.21215687667967,61.65113091578807,23.606317017519572,1.4068140097355113,51.17998081090012,23.643754200437982,68.00007962327383,6.390080863573281,1006.3788080535983,86.55363356655911
44.14260460600311,90.92438495137375,10.602990758939463,16.910779445067586,0.6981503348660802,37.27841122107574,24.58646588856592,25.246646790527357,2.84013522617789,1010.9875228257246,69.31402193452189
28.279911826797147,29.83719036369491,46.507828575098124,8.438958577779426,0.544989570148169,70.30412531902346,31.972997106852702,59.89240857452241,3.6368278414284103,991.7722446493476,67.87928440998698
53.67755587077897,92.89905816841161,64.86473257353315,12.131193871515862,0.7998324517520798,70.5354016853034,39.220582066971346,74.8092173138441,3.290398652915361,1012.294539652783,79.91340573296429
74.73510759751655,112.65976910543074,54.80247282627851,12.547697994964986,0.6676173232289295,78.64968723269286,31.96862499657199,61.4446419044035,1.9682681738545973,1030.0,92.42288630126248
81.3604050580574,153.20952157627426,2.0,37.84117464228689,0.9433282506774485,41.63738464454012,28.065517246743738,75.7250871649036,2.6685229921257947,1007.0185902310823,90.29317138334146
138.687355322636,219.486853870144,48.457100827391116,28.089778889111862,2.1545216354016863,37.58925250720018,33.83091983425142,52.24963748431557,1.4182689311674104,1007.0469997302694,189.2183392276065
70.13085413280177,92.40520194283539,96.71361332366284,11.705298965124737,0.5640825878736283,67.66773646291573,28.802506822066267,45.41026440818589,6.099356700935387,1013.9488560007975,85.96122129706696
112.4643789489971,194.82985638646042,54.945525701339236,24.21969966720989,1.4079937099840387,54.72184388472467,28.10857391317897,63.92831895428592,3.0565394132498205,1021.1626613455837,145.65268637083852
23.01424881755134,67.37290206766195,2.0,1.674758515255622,0.4262409717381751,29.215151104315588,25.207704471523684,65.47348500934872,1.196432847504411,1015.7997427554731,23.6582661266544
93.73528420161273,168.8590849590465,91.06206259848254,30.284287852907344,1.8107288772422443,64.25312421144642,37.04224422123178,59.77423473406518,5.236677959981566,990.7551449713316,156.71610840569366
89.36739366776641,148.5208269092074,58.549216939086705,12.435534473674847,1.5145596653872893,24.5069960367775,17.303960412521683,83.4093671996329,2.042275769885738,1012.507190701302,136.22228180026607
176.477609888591,184.87237640295484,125.03843667380909,32.185996647610644,2.228438686899817,33.867173275191945,33.98929600139635,52.24688937291413,3.977508338291443,1028.5754411619334,210.9526300398562
65.53063115313688,110.97925359425399,54.41275089939573,23.391496776321503,1.3624959981165303,84.08781421923098,27.681275311012314,69.69748410998524,0.5299078024934702,1012.9795283740757,80.97106638441849
63.55303611634921,107.62302073348097,58.06284465766136,17.70451268760185,0.8275074782709106,92.76357943122014,27.948296342741937,66.01954956745438,4.6364749417206665,998.763184693826,106.81850023799707
124.3812356770668,266.5762491342946,83.04678724754298,22.68150821580512,1.994849779058303,33.16768651333935,38.46157578058906,41.649260717958754,2.9722486724787474,1010.254636995349,175.60526878866963
30.19798794183483,63.96085935562962,49.026302371850676,10.7101752318683,0.2726565438212641,56.655113291224716,26.429344538999743,45.214547244972316,1.1197969857596273,997.7545019892715,36.83541249675273
92.11047760446647,135.50005876910035,116.38547613591237,17.60172853743912,1.623640189200887,58.39836720705939,26.59965422985795,65.17866524372947,2.937258067897242,1017.8624295141509,111.26883396422008
28.89532688886728,47.28231540375708,55.27805549896998,5.853851315244055,0.4952105112986609,94.75045854535884,29.348028805402347,94.71799998030446,5.715529814105193,1000.3529392957767,39.447045287073195
225.9596647211066,328.5258182279712,80.1733661783596,30.51929232837516,2.704389916417962,38.05158576147224,32.06923692906119,73.68904717848217,1.451367224463733,1008.5939490775362,253.70678583130595
57.577242777700874,85.02102139923643,55.07629713193798,25.745992122531586,0.886641010063332,51.80990816318492,27.790721088535655,39.11547762283051,1.436335566358997,1001.1377599840653,73.8982127306805
27.280000307466977,45.49637280700516,58.813019340940585,9.405306975414783,0.6466960486196575,90.69466002773416,22.13070534732057,20.0,1.9465900071776847,1003.6284155396161,56.86527621467756
53.389098198646224,95.19022419999185,72.09261435279444,7.120321628775361,0.7669820707523267,53.98266739517966,25.671509095591173,75.99580389506569,2.3495730796132435,1019.8892051668839,76.43606643328911
92.48836977126503,186.99527897677288,48.954641820591775,13.968223597659737,1.4983488137540113,70.60056117969503,36.406669282322596,63.55679775607702,4.14843771673839,1008.8276573191496,133.45706970619048
110.18831678830558,200.201929480329,96.70835368444071,29.025563460174453,1.4265113305436503,29.596361284911858,30.37388394567756,82.11898954265554,3.084307569008305,1003.5263802101942,146.34970661507418
170.75431472569716,332.7463182764906,118.03300161534386,32.895370832399486,2.4541448751912056,48.25746542828236,32.25543641851911,51.789231189328376,1.9453610619825876,998.8381762329062,237.73740405020587
48.63697675861729,63.64267598457277,104.19957546562102,17.31907063689213,0.9441992366125573,31.236298769435333,28.69289396413481,70.2531874678779,2.7477088947090196,993.0263881088046,102.9559224927318
128.0182811387778,222.46786887962477,56.85818310623723,20.302024145375007,1.77098860998835,35.7607294516951,26.70251151913365,77.69260194541793,6.309651539855461,997.9897549318185,162.83862514663087
17.75216526298645,26.988800673945406,13.30345995833327,13.717159592941933,0.35268040506434994,78.68545117170183,38.38784724937705,58.28804542690277,3.445986071396129,1008.895673931555,32.14534764087432
34.49814513155191,47.4580636580434,25.871189097699514,5.991288416181045,0.7018629405199395,61.34185134991502,29.059040714744597,58.60871644653402,2.098862650134334,1015.8418701497814,29.854715591247245
23.60717719770003,30.94218376068857,16.367675987995632,7.7559490129578075,0.6708495621308251,57.36752249423046,27.783150602364366,65.37894246647586,1.9039465790976524,1003.5171880606224,54.039306224579704
42.19729127412483,88.47080529578017,14.738262329266096,19.822110852028942,1.2718172834724002,48.1467234664135,35.480711831776695,73.14014519840494,2.6376497741246534,1020.5643488057522,60.71852388040453
124.33846104246247,201.77315263854328,4.885419827264542,28.91483675644801,1.976916637959095,51.08111379825991,26.388198205663073,64.78498993232134,4.1155125177647776,1002.2599966221742,165.36018847630805
49.54106924912914,79.54812696806073,29.425994319029755,5.089649542289069,1.08849031844351,66.45675146788216,27.026363281130017,79.6099450663923,1.2963582843400467,1006.095906216961,67.91910264819835
56.83695547222059,119.88028280563843,52.81058145499688,6.976223033397865,1.704171514381718,78.14553527853407,30.05123342008449,58.07097216099455,3.7567065939769027,999.3633862373019,98.99062544264517
94.15867696530555,137.48269851170676,48.04085849673973,19.16865845834394,1.5088937427756277,10.21466552903312,30.001350520440898,45.074071918053356,2.068783595670442,1015.9260938765428,130.68849342630807
107.18476962445887,179.8551088545708,114.61767591923422,33.671231352291144,1.657378113321432,41.453517293312714,31.29805673951607,94.6546305216977,2.292165950266578,1024.7800849123566,148.45507138778947
58.12420447449824,90.92609912802914,44.490287331420774,1.0,1.1234942222743924,63.21379600144224,40.45834544697744,55.930493951863305,9.496551443974262,993.9054643125104,93.71731589419439
34.30034066817245,55.64664014066873,65.71087968028098,13.342704396744729,0.4093625936210061,60.47643665922506,31.681241231761852,56.47336874423379,3.5114153524333207,1005.2307034509224,46.47373728468218
203.50060381072115,289.2669115571891,116.11078203307373,20.41172580470135,2.5810318366239646,55.98072406062336,18.109730186245997,64.01295018391724,1.5353429232014506,1018.1182387764003,260.61073949698994
58.409353201904196,83.1771947145757,64.94439168818833,8.93447443602414,0.8243699217497669,65.14297689412562,31.631494717157803,66.00771664480972,2.9664623141503896,996.4244358285952,76.45312824421798
62.76384560012422,93.53888076456253,53.22476936839495,11.616234127500976,1.1650696415063813,54.49127081810873,30.189399972447994,59.199745362675756,4.249270622602286,1012.5334712557687,91.68801659260562
68.6082830571824,106.45261074437522,83.09334317332116,11.86892721936676,1.0297557561308892,50.027979827656225,30.21725012175729,64.73849154576486,3.5367532526282397,1017.7717776016606,93.18809252475981
114.63905859661938,172.79498500729602,70.98606012178874,16.486319514320655,1.6602245595280083,51.40984849703143,31.229736546980853,64.40356652857739,0.3024983827247036,1008.6258305148547,148.93472829188505
21.916784593957345,46.23684111565245,40.26557076950045,9.687670634285842,0.7848650701646043,83.92401952929279,29.856608561626004,67.6222899053121,2.2258503712583986,1012.4021045675211,29.315145075169568
252.50694203300029,313.84655041140036,140.78644725610124,33.01878851091541,3.495870989072038,31.623301845057114,29.736939534723057,29.637688115190258,3.053952585937588,1022.0872190890209,307.94632460650183
61.509525577029414,114.06333896666803,38.47215005648027,2.6814839904103085,0.9476840561640412,58.94871693724645,33.06522104885393,93.21314460511775,2.8911300686594976,1023.5874124328092,85.98229689890402
117.16671311510802,206.62622956320243,80.84957887491554,27.298962473995175,1.4885017831617406,58.926822802762935,27.289596014027495,62.79067529698164,1.6305733025621618,1007.5042622957242,151.48048748326406
27.558641687432008,57.87414942602298,86.26104491428646,16.330014339682883,0.8645223831624813,90.88162540274568,25.26156832180412,73.70933929170478,3.5765630220184885,1003.7409772056061,57.179835838435764
87.86039841409864,118.11538203333936,50.77725573395834,24.288642289873188,1.4977975761966502,52.56561947861847,45.0,44.32847987698963,4.649227897816976,1000.6401591114104,115.37902641935082
228.90377813539325,384.5502987252569,131.49332248225818,22.142577406134535,2.595281133050874,63.94621755736583,26.420712781093833,57.93499608126125,0.5611824638081265,1015.8157132034297,284.00856214033644
209.42658557673343,340.38517449036624,143.68643728126614,34.522535489881214,2.684830542193731,70.42150241263172,30.50071456230038,54.91526200519378,0.5118301144972873,997.0257955376723,270.7104344195546
115.18105989132305,222.87684518942126,98.33780897470237,26.22955803341415,1.6735515842000672,54.63793843886249,22.521698745623162,87.04585646762818,2.9489011749891154,1005.9794076960703,152.38755364745202
39.98248744949169,61.009118986296,36.28502979525539,3.548281946422321,0.9244972786741582,58.00845938065894,30.58234207525711,56.21279589746176,3.770950297090475,1008.8215181676358,87.00890359525856
165.13912562871988,258.04111240412925,32.72788895898991,26.89008106090342,2.4591948812795814,45.86590385283452,25.333872246553327,76.37119980410137,1.4561198237787771,1003.97597989825,214.95762528814444
17.623443476662906,39.95950049496976,38.848120030709964,8.184680054716623,0.5324578220138232,58.985308105500486,27.787635285749946,55.24369320990208,0.3228350574083812,1010.238562120153,39.49544801262055
38.83121245412903,68.52113215830552,2.0,26.396950763041595,0.8622864322892624,77.26982049405267,35.225323328855616,58.21071590519084,2.252129582850378,1028.5161065463421,68.18000743289019
74.1601053834508,124.88370461805395,88.12047819608364,31.29518094211468,1.155955465195948,63.225371159923185,32.36004784189037,61.31674752198971,2.920361582467637,1007.0272112772277,85.73717021692414
19.20800371395287,13.945538624429942,30.880448451110304,1.0,0.3120331225222943,67.69857446794143,32.8420476228741,84.2576769024395,1.8339554554614315,1004.5167549805809,10.0
53.29917372763914,78.81821823192496,66.97647867423734,33.347316893140615,0.8242739869713562,40.48204291495183,21.143975808040686,36.652210114548225,4.317199554360907,1016.1226545950548,74.85083811042256
129.68385362381554,183.98540404392205,53.804955676190716,15.240256665631273,1.8109540401458135,37.21047031734054,39.184475849145066,45.26504667088351,2.8020893679870147,1009.9166691531642,143.30211646131738
45.63445133498507,94.65007148966075,2.0,20.321520514817614,0.7889436035151733,99.93128673918683,24.040593445290625,35.79042251465275,1.338149172961676,1019.514686169691,59.646884832872644
133.6124466247981,196.25105456145312,84.64446058468833,30.79747744188562,1.3819561333867099,51.110141214819734,37.64280407146933,48.68746820357825,1.4474427487553811,1009.3175009585577,170.54119810052788
293.83880024151586,500.0,149.3873741097786,34.29513421424745,3.6766947691658327,27.547000060268246,35.10771932990743,52.82599923211839,2.286645104341616,1006.0126143362318,386.22939638239734
101.67397926473811,219.9843350027986,51.46477001520301,23.147019862481365,1.4841391644491453,82.6258666394283,32.8866637089234,40.782781188644165,1.7439275316643796,993.7302008952436,129.45272176801396
132.1361982023229,175.55753621417634,79.5778212093644,21.996073830150237,1.7652918804514495,59.50165802011811,25.725076095458093,53.987783800779965,0.4801375341598941,995.0421224495061,168.86611720953425
168.67949487313842,307.5779276733156,163.0916699937188,31.676179421835737,2.2124479895997644,61.912428913710315,30.757949224097615,34.779282785998774,2.641473231769393,993.3144104765831,236.27030416315262
57.068232611450284,109.72501223162409,64.54384335937907,15.693566332419039,1.0568166340385503,57.94969403601637,27.6453929467757,49.73016914348478,1.4767655244886149,1011.0347133302739,92.1936610082757
130.13907750805762,255.00591245704678,102.8000500252089,32.18740518392889,1.541929633334533,48.85275816897291,30.14519785752646,83.006305998653,1.673316798310528,997.1020041610603,175.81291062902662
56.03979009925962,76.97550858815794,64.31632783350072,14.327971157079652,0.5154669277033126,57.464262087108004,28.7506387045722,71.05382105421654,0.9738878184553281,1018.044618927355,92.86435652905371
96.97071125243173,147.9350914777027,98.6233736598991,17.293492794881317,1.326606087320012,32.35305603443018,19.80694746713796,67.81201508258792,5.809451389733536,1008.2419725188477,132.3417703160342
142.86851484542788,183.1099237089029,77.53903985792392,32.91273564590879,2.155450779520582,51.98782544280761,35.60892075492294,49.95832165581328,3.3763395698210608,1006.0465046471867,198.45151961151333
41.47550532050663,83.87560292492508,2.0,16.620228357329623,1.169594323717739,67.01055496112657,29.594464217253194,41.95872561432914,6.715171636216643,1001.2491593983654,51.588876781057586
7.743271601283275,10.0,16.76981889542723,13.783699746721096,0.5384513189890843,97.6888764810849,27.575998002488816,47.912658866985794,1.827245465097475,1012.9780699861617,27.38729127078532
38.397888821645125,59.6334030261079,55.572442719652855,6.291053280528639,0.34370872589252977,63.47615206436227,27.19836383585116,64.35185259655978,3.5032631649719628,1001.5640174436608,55.60884798726891
156.37271623625008,170.2697042550059,64.1227124284357,17.402623697162216,2.0683807849908082,10.474995941314504,31.79229788183384,78.02265169590002,2.6730287936911328,1000.1169759674409,177.2764820756785
34.60857168620074,64.5137752531643,29.164708496557076,6.611251456322476,0.7294614555047912,60.539576474980755,25.531218308527638,78.53551125702981,1.3792111353329042,1017.5067993648428,60.60676274598293
150.92172669579338,210.58901463896626,68.6205334380492,20.144036118050497,2.105458499580419,102.23733626028604,18.724122207629783,74.45918543725,1.8135816864593366,1010.8369692862002,180.3311312156171
38.55342165824435,72.0148487690114,72.89977104228822,17.916004748212636,0.8474671981346508,77.51031849707117,32.03564901604138,53.93664703898084,3.3722224337471327,1006.1205645740138,34.62751649948424
67.04217401499005,96.29429240472413,66.90540369190963,22.85293328415122,0.8252438515646905,45.040625090246195,32.59551498978411,65.36824748605981,0.9727125825296374,1013.1314638778697,55.29674568073194
77.79018684792673,149.49614082050667,69.294099597666,15.093780105492002,1.1997180140628063,69.41670231191588,29.001840876611837,60.17986204944131,4.344633571988519,1008.0714549848856,127.77291199718138
34.47384153712401,71.10188743270163,49.053261519730086,22.5842131350497,0.7687668058895205,48.88585102901475,24.260485624049956,61.98215354757875,2.5246353662265646,1011.0641052036135,74.52452792842708
67.5767868023598,86.73039818632691,47.47832274725874,26.056969566404213,1.2673391799542326,35.22532170396778,30.444677704446427,95.0,3.9837704261941953,1001.4652167809963,113.76206693836954
20.3445489115808,36.54693514907905,32.09395407339895,11.38853720059401,0.29270504528577157,57.10178754886024,22.677338158432057,38.569996444945815,2.9281339045446635,1024.563188871285,34.463704711847555
60.87915571977362,126.41971885542802,15.766005560590191,7.730364514028514,0.8942606518265589,61.77714344871762,24.863847016561703,61.479847761166084,0.565442007895325,1003.3630402585902,67.76239933852736
73.3955284310109,91.08253417925285,2.0,28.41047660720563,0.45479192115379574,25.429558681718007,26.246510317479196,83.17623360794235,2.227054853189422,1020.4481306155998,76.93456793172166
8.214430363979627,11.473062738993114,25.448521922416433,7.497592835450289,0.193207672473312,43.657978341186194,34.219695354457784,43.01162757449693,4.404987212934076,1006.4890492055642,19.1625599966216
38.136393647164454,93.01136844812775,43.261133548027615,12.585688809107532,0.5765330005232128,62.135128645509226,28.186945247815416,55.34378862100624,2.499091386169828,1014.4567769252398,50.918087712356645
95.00421399467493,170.47938825609245,90.98351050823817,15.683665474508441,1.1351544408942382,50.052545712624834,27.760667941117696,57.06442253648541,2.2675753779778725,1013.8737879922091,152.89319268828956
31.263314150217806,28.680716892147398,71.3518867696572,3.6332750876485562,0.6665628073607766,69.6055377486122,39.77346257705623,61.65065416919023,2.4974102631312336,1017.1748140412004,76.89810207428917
105.62475365955187,181.81921748523433,104.78110127177203,7.925854996623887,1.5035106859033054,34.68598981568174,31.762312485943568,41.06064260590674,0.44315680037589655,1001.2750103426869,154.03520696209117
112.48595830785045,130.37311466572885,43.66809140618575,25.56126158540036,1.0350280302998027,68.85517080933138,31.69497255237413,73.92929090507059,4.696866231252782,1016.6050832102309,128.4538744524837
94.7289013870086,217.60233943406962,51.82137975040964,12.100259735268068,1.4406238089695425,36.1140241419558,28.151496273956127,74.99430923769717,0.23796356645153732,1022.7715188072915,122.32311202515979
129.1445111901893,210.89351203461257,88.12338743261968,46.973591174797306,1.5676531015850146,84.2376565396622,27.01814166181611,72.62562987526921,5.322711001267743,1005.9304561660651,188.754149366077
19.118119257970864,31.323163955610873,89.90077060964133,1.0,0.6008396708932792,32.58690134055263,19.067967799914246,51.94439488563378,1.7328762029767204,1008.277648537137,46.43660942371485
146.95218514684152,221.77870873677838,121.13096340892659,14.575202417770022,1.692963409829932,33.577848321351254,34.84370265961779,66.29766186180943,3.066298699147198,1003.8124268601588,187.59730370818153
34.931959593002134,69.16379430588636,61.70431086681047,15.272944876067784,0.6766851497487606,69.71811768713276,32.2415485287819,51.50839640646369,0.4046588841116729,1005.2285099825192,65.80840804572067
84.06863557690762,122.00117863220282,46.13618712087617,29.322744100967277,1.188032794701265,88.23070768080487,29.104170033932935,60.01105008842731,3.7444862998775603,1021.6913823914599,100.8087893309649
223.35019833910454,438.28153558058995,96.42759847371893,34.31874105623831,3.005977851306837,52.80275878296271,29.31386649081872,95.0,3.3393604998297293,999.9661237909584,298.19715905446935
59.92694156981346,114.49830676715828,64.68982079099705,18.76917234987581,1.0002976182505983,70.33728723769796,33.68072131130528,66.43543066394383,3.2067813559119065,1000.4630494251938,73.17542093279282
79.16056203174128,167.87878504891862,26.105721308424577,1.7508881041392765,1.1361357006255317,58.98281926757575,22.226449634600733,47.1871013601924,0.38556847291342106,1020.887207491315,121.1751098544912
35.10908886304334,64.58270537202195,27.838181213861937,5.792998298031066,0.28724098784545893,43.71610071688305,27.05059334223097,67.70503010995871,1.2370194294222259,1012.9963874071069,48.802909925762336
221.99034389648065,427.15271012412114,115.02620602836824,25.04991543447714,2.54458213589251,38.418282219972724,24.318485685537347,44.723061109050356,2.9385174241137286,1024.9629619923403,306.4820188983038
38.205151748071415,60.47671347819177,75.01512051470233,1.0,0.5624900862038023,40.12921290049131,38.857546412433734,47.01484411227482,4.616027606055208,1004.3964908973932,59.46818381541244
118.91352972789831,145.50499248511693,62.643655803562304,22.20546543953889,1.674892385752383,32.47013820178445,34.3782776592665,49.383152960768136,1.0925385845459654,1009.0102490979006,143.96167361547225
168.49225013994717,297.16095808684076,32.840271598660834,9.276449043910194,2.1198450148795867,58.75210053655967,18.98653679432318,58.335358217064744,1.1176722504119132,1002.7145844498256,193.44836449283827
126.29243056380241,227.39047328930857,87.4427099452728,11.577523938956697,1.9218121494104954,34.6794018773125,22.43119186680012,79.05453493383803,2.8100846696249238,1009.1464093491816,181.9257331842474
98.66007634360652,196.03693292829368,44.92148802702477,14.541658809125437,1.3641156863203574,62.85916601353198,29.338271633212567,73.67597297025259,8.974947854368638,993.8072264217255,123.40891316452975
83.19056641795777,188.93266800901472,56.50153049902467,10.332581282546322,1.007033615820616,34.91194514658362,27.637798939637875,72.84492992370993,1.3984056107487675,1013.4796364532401,115.25246550893735
27.31317000172254,32.31178164372308,28.12330897972205,13.448848417863246,0.5082339667736933,68.14984076196377,23.37808895961556,48.51613151614187,1.7173015126085684,1010.5877926679387,39.699884964084944
215.91188486307533,410.1182013763722,108.3177482929397,35.354067718788876,2.897407577436042,38.930762969620645,39.72381118825245,56.88028466846527,1.5325205100871884,1007.5395627002727,288.6717454215929
93.3165479335337,176.28350203034466,79.75096111470776,25.3483757195077,1.4510197549085506,82.85375577102891,31.562699569912894,69.08001660324783,2.07224737566052,1004.8770854032027,112.87704005994564
79.19362172683552,122.86251075320948,15.315507818258304,22.52230446892169,1.6699182437203086,64.49145038227633,32.37408161431546,55.57520021917381,4.8499970472219385,1000.8419681010552,100.20541761120168
32.66398064486656,53.078219664724365,19.773435666330947,20.046179992275036,0.47474043273754396,84.63097362230522,26.53992525383893,60.824503395483525,2.1520719512550204,1013.8217032962621,55.49837969352613
81.87852658662855,97.39587886429533,71.94628479191738,16.810075990322993,1.2141726536419428,44.84807697741625,33.61137073589001,71.62038038794924,9.51154969541731,998.6312801143728,101.9547347625288
75.76958466706432,123.92768752391197,36.74419371656974,18.52008536658108,1.2657660027096285,59.94901335102987,28.09783619508994,59.768409781980466,2.4369345273761085,1012.0951672963939,98.466076733964
223.3465406296012,280.2689432585996,78.28577555157125,37.89369449090567,2.9243027477550108,29.47270790353889,28.583284131462502,68.39089383653038,5.148557602620352,1024.5956111584755,263.84534641863473
79.16024061481033,107.15520630744811,70.33599185808305,17.632482452905446,1.0747683508805608,51.22228638141564,33.055009799126296,88.89092684029353,1.8139779491912578,1019.8841719091544,103.44744465987847
80.97343124048862,131.47517182020403,82.51540981925835,13.539257269522041,0.8343668807998025,53.80424949135758,21.8550121746985,62.42211801519504,0.8056763926523526,995.9589764586348,98.6264407392273
33.00130765292529,61.90734839197771,31.72570825274122,8.300616643632875,0.5183070520718496,49.29444741539747,37.98513929925491,82.69006714578809,2.1495365055324247,1003.7060955172536,50.14855751559582
44.419602784042354,106.0317336151117,2.0,5.789885147445359,0.5146096302290579,39.567380318054106,30.91194607361938,73.39055100961038,3.238691130735971,1011.3716059244427,74.27038521169005
109.9017907979792,182.8210979990738,85.10504952656105,23.56114953503614,1.1371698192948059,30.76454491041391,36.40472104390212,42.9913700976985,1.245899416154975,1007.4377446238852,133.8576206917846
15.780391621281524,10.0,2.0,8.141525601872539,0.24044498903773165,21.622102587564328,24.62290121690591,48.46794456104713,4.641307990186497,996.8047542537406,16.554318176317608
146.45138460427475,170.33296984401488,91.62310499312778,19.26877614741885,1.7456436850596835,34.269652888595786,25.384174379859033,52.49606175395155,1.5899853203545922,1011.0825276117879,159.30273588103597
148.9597222273367,208.26348008973295,62.845279383747524,19.577208112683664,2.1834633030512776,64.37811236190626,24.19049889200094,52.177476246008254,0.9742245139204584,1007.9198648390696,194.01496941915542
40.82433229794289,76.16521229874816,7.374967389900167,2.215730053490839,0.8901649469288881,32.961079839925475,31.251488363324196,63.64565380839779,8.413888357731613,1023.3146032688303,56.55550294690861
98.90282471123298,118.74913558509927,51.45852069306258,26.699069695245555,1.210864074139577,32.46156279054187,30.32991650959123,74.21966072122734,1.1938289215328388,1005.9741703790604,110.26899031560849
171.9382978065247,297.09458370810586,90.78979510225463,28.261537093037266,2.248202416037516,83.4811104576705,27.677940903844096,83.82737625057084,1.5544007354413842,1017.3440270826127,223.8059504644559
71.52909373917808,139.5811158207884,34.08288592296893,8.681091092115208,0.6437884593420031,47.82074360359718,24.929654035573602,69.62262633087623,3.597145074863039,997.8632927749602,80.9190601977522
62.359059316179305,113.60908126240395,60.77915864765946,20.95146911475766,0.8747237242484782,65.79010341967269,23.66701865134579,58.31480665920185,1.7679522963206304,999.775925616828,78.25884535976195
68.00303791474995,90.34745481042464,37.44963260016663,10.67677407141501,1.165781930152586,71.12146560382891,29.75758049764672,33.766381345551885,1.0044236016242525,1013.773295678476,69.69776316933257
93.17391195898489,136.4269685949145,84.43303217333874,6.928864418980325,1.5743214159113443,69.47155737934426,27.672066102057,66.05884363126007,1.4387079196880492,1016.669846244859,113.23193902939306
48.97709418312308,76.65994759129896,47.06902152349237,21.047029615727833,0.6594633597746485,33.680176314405074,26.57196503820869,65.38655290542486,6.994730610389387,1000.3408581914049,86.70503617035797
58.55641614695146,74.39717470114327,26.911457101220456,9.72999402110527,1.2156407088952974,56.156412470053056,37.73544743065805,67.74393130308437,3.3156037723471705,1008.1926192518713,67.30552968761145
94.42345290040954,142.97655030271855,38.84205670937715,15.05962162637883,1.0041584544265465,28.318032916636177,29.58837160903633,95.0,3.756833020307209,996.9473666117674,122.95496420636779
55.0682800519588,78.0353035557599,2.0,13.937633769028475,0.5989124108375575,104.62825905622911,36.350214669634624,83.60894819289608,2.717225922733893,1006.5502413895562,53.74806752562712
30.619814534281424,62.508480656168,39.0472459870972,19.815091526434692,0.7948532408208461,33.842660084976686,27.33373908658652,76.77591377374979,3.038508677796225,1014.695382284993,63.019625268884596
14.413701333302074,26.808777283077788,15.621476918701982,8.889942486926744,0.8407447231404367,44.98577995367907,31.223881418993283,50.568843048926006,1.6693726758529355,1004.5203320069108,17.72608203625088
80.23443278236985,135.93752280850364,2.0,7.035194924722541,1.336171190434362,39.85042999026333,29.722619918718326,57.30507876204885,2.4884132701189237,1006.0077223524496,101.24370351589289
165.28899809181655,241.5045930553082,78.98717732208246,31.185695803915426,2.2233823804682955,24.83699157164283,21.511888452409387,63.57733089607247,0.3503660891370728,998.9616368136316,207.0977098344821
102.20902155369575,185.60761338229383,41.46820896778929,15.385164792349698,0.9277123220137968,81.16996865132216,37.141691531319566,53.368893139844694,4.224707859699609,1002.8131326910006,157.72737254639958
31.630731047578806,63.79567201386504,71.62576877567696,25.899079497945188,0.12395700856007585,106.07360373569662,29.32423196483792,72.50696787477678,1.6578936687171748,1022.0648873297147,61.272376908658906
44.16625977261709,95.92654421437054,2.0,12.290993396730928,0.8123475014953723,52.90321507056352,33.7320910981648,70.35363273823558,0.8689973203061521,1008.5833991337371,55.52513073879168
62.02447528226145,83.79696735401157,9.87724388366631,1.0,0.9047780359943438,36.2704253342197,26.239856387692203,48.675383104179616,2.588345562676165,999.9815378667952,83.04561866482481
227.74220461486507,369.87927753055703,148.2332331543318,37.1879843310292,2.7064476598403515,6.515964653742415,29.175778092101176,82.95225063644186,1.9652663923004916,1005.481824400656,320.1214595280093
235.34314583309802,266.58403030606223,157.8234945614932,50.797959838053586,3.0905008952046886,41.77859139995433,25.665738200383228,66.5346550071329,4.127936562026335,995.2205790306675,264.55095320298335
218.57033723214647,305.946349400863,97.73207828632488,45.83580277622069,2.90162688866271,41.819795404522296,36.17999241381697,39.06393279886623,2.183659562768765,999.8867224628783,257.06718773729546
85.91258659279761,154.74463996615708,40.858518396536155,31.957144701188234,1.5170550062486396,46.40366279809359,31.55704673725338,64.22985712482546,1.4144539252177883,1018.8827179123716,116.01865468420405
350.0,500.0,190.90588491383284,40.84191851694829,4.484150570753175,40.98475457157211,31.83526763340444,69.21809683884358,2.221539466000383,1006.8601406049072,424.6690159690206
45.88637148824044,50.1205499132727,2.0,19.803583746403085,1.1077350499424814,68.44220685161952,36.79092073552489,79.5918854215361,5.5247029014320255,1023.1258414088096,53.22211796793267
60.3789633573572,98.62536275197019,2.0,8.469519284989168,0.9765460676754897,65.98518157429363,35.78170648449512,59.937853953100756,4.216760255859151,1007.2372172920316,59.817513617546545
139.3602108921337,253.62665374269577,73.69375988019236,25.51754050239144,1.8934887820037705,48.160935433196535,33.826712680681425,77.4190740117081,3.3098848774660445,1007.7121704304681,202.32151744513578
94.75565719715436,104.34584394426565,99.38730989194761,8.187059433740663,1.6531459329276479,37.590354491890935,22.891363264812686,67.80712980155323,4.335201299685577,1013.127153268337,108.06407615299912
98.39265931075042,166.74989111406086,51.3834444856692,13.65147299822832,1.1861016917186464,69.11358301566085,26.521604402416582,45.27418086443631,3.480461161332497,986.6192993422447,124.94668310164053
36.175257290726094,64.4775169535509,36.802285574205605,5.931057295978209,1.3877149508052535,62.331227086329456,24.980559319943236,43.77249839776229,1.1242565711902721,1009.6395145892286,73.22233452204874
75.38544004636792,119.46071695958459,80.26817983496586,23.23469504670508,1.248439650098099,74.95960024331427,33.63766846812899,81.83839805224022,3.7767363761042896,1007.6081080955124,107.2532191070672
46.41367616922573,66.42234751182998,91.55827260810523,18.97539411366433,0.9021714272401271,75.5082657969621,30.853259708750258,82.93976267572654,4.668696597115223,1019.8883111481211,63.300230383939535
25.66348540035612,21.808658256829116,15.127356601452437,12.294176082689301,0.6892358182974229,37.35520392512343,23.047437831847027,69.84363845607085,4.837353796637685,1015.7174351533089,20.15502196663699
50.71968372602795,107.51563367648747,40.40293958337693,2.282990702680271,1.3279203235452461,35.12642556768091,29.05627893494386,87.43560081770043,0.933703024127381,998.9304665156255,77.68604686825805
94.7735123586698,143.05729519665928,106.19946109497248,15.879706011442616,1.5854090012221893,43.8183860739769,22.529438321406108,80.8491477356241,1.5578775056678027,1017.9371089490206,124.91903305293721
125.11648672570195,230.2220893073056,36.247437146780165,16.045046543542423,1.3501338459574426,35.97790371271182,29.7342175596512,75.25443094219581,1.3842910598657672,1005.9014837953521,161.52093747058427
13.889130515909443,13.525876100694305,49.93963549600479,15.624101715465061,0.7675371623827894,77.48340152629706,21.723137480064075,51.330327668994926,1.8009706553502742,1000.7643741896317,15.342793198694974
77.86227008105081,91.48229921736558,27.58013322744141,25.768951232263575,1.0991230961113554,65.09459256129846,32.64413746692306,90.97143126548515,3.0834870785030835,1009.5768260069697,103.37981021605358
73.01804985597653,141.5618868775845,53.41993161276835,24.21325067096425,1.1530053664815492,78.94386789965748,31.889813130170367,73.0445214831241,2.543316272409516,1006.3778451546895,106.08034218863169
91.51099589982528,134.55008407390156,53.11447196991452,11.939564152642866,1.0283184577540867,64.81588304141052,39.53974246673441,59.212418380825675,2.5438357001832617,1020.3077225122282,117.27381185247064
32.13017010564303,78.10522528089042,8.508286530008633,1.0,0.7671125457986903,66.1852788652692,34.23936644748671,54.97594992042053,0.7290371538244932,1010.7249762279297,67.21052244695427
32.668470970212795,52.46163793924828,8.123263745138878,1.0,0.47917807912566546,83.98165836857804,27.885428720887486,68.85175672270785,1.5134933032886875,1009.6452713670881,37.01624306201345
168.0638838017523,334.7644250263419,100.53910681713239,38.54068188086794,2.291809015119396,60.00998141109069,34.09035046637243,39.93411372742318,5.065631049606575,1015.2051766628435,222.3635474619071
41.24992205145389,58.45347156680374,61.45094812722131,8.739951131615875,0.673974313277251,62.92582357776263,23.011680595274107,75.49509913029294,4.655821592718692,1016.7429729447417,55.4818612025593
58.269580166201656,84.48497720756964,40.97790599507817,7.986552673823298,1.430488162428383,86.9865881974562,25.187636981594572,50.6964377795896,2.157459557397729,1014.2688407543784,78.79002927342333
62.704475623383956,81.74094532751482,47.96984299885319,27.665819422295947,1.4980187825170048,62.0568978468795,31.66571266037555,70.5591216323643,3.783469099349463,1019.3557077825196,86.77411339515037
47.089767137330306,62.95939966113652,53.46974686907482,22.77205162038625,0.8267054982016491,55.754687740490986,19.208751686260364,57.175694939627604,2.89941659845727,1012.8694593033104,58.315461351346684
107.70581136012967,170.49867474022219,42.17714578673436,20.120287138573854,1.5584641641637698,41.30271643319193,29.814196075330585,61.033719309129445,4.056437541170711,1009.3412117178136,113.2010371239536
101.80307522251576,114.27499812142595,82.30369656045517,16.8691442981901,1.3782761610828105,69.51021224501613,24.898683539407898,53.646351908524025,3.8919011693832637,1017.9133764967042,119.92716561999723
70.75100615133805,121.08836597643376,70.3215301945958,14.433311035655564,1.375513646691753,81.6068292610574,30.506535275766318,62.58155853228798,2.282357799579025,1007.2728308793429,107.24475023327481
49.21108483418505,36.59734743357063,105.23564564414353,14.722632567201934,0.7583030504268763,60.152539987463456,24.61131820976368,93.34069319026031,3.3234341946290678,1008.2659721307573,74.16862526748235
66.85086037565962,128.0467487168488,38.68028240505727,27.82248149563602,0.9468760058464907,83.19441239798432,32.12124068727594,85.77589440572962,3.0290869671280944,1021.7726153383753,107.8040478791482
82.4151898841774,122.23761527312345,43.634790406176634,20.269562179999102,1.4836304945263699,22.946514233777442,30.096637118336947,70.31718432493184,2.3253285179126912,1020.9753930236418,133.30877407550724
44.208557788808555,75.89007857290659,57.117997794307485,18.113259198970155,0.6459279196365403,60.46515463035285,37.00182958440665,64.62058601652572,1.9845549031766612,1007.9345935446134,76.6039516370998
112.96164739091188,216.87865329150722,89.3103455487138,29.909558559470796,1.5961010100788098,55.2413597908472,30.03367267050811,77.66301786039327,6.402572091361388,1004.3715873815551,176.2785586590879
145.76582130359463,190.52849575851803,70.21744075219978,15.134490548236004,1.6038621602653873,40.25283559238018,26.15678597519267,81.94955591161334,2.3273700858659616,1019.705388001668,183.1315927910557
186.0279478141263,366.22699375067333,91.63350959310561,35.362248877487495,2.6583829600503073,93.02726285854362,28.765570720863586,52.55272426688706,3.632321473074252,1014.4033468633218,270.90356967903836
179.04318079857012,295.80294674933987,112.09770231480756,26.12863165853552,2.8837349043783087,49.48507814771669,23.278818014916343,63.838416985516965,6.098438596414514,1010.524650033579,259.5351269762768
62.41529065358167,109.68422065551488,25.397274775745213,1.0,1.179289831042928,52.66762285883367,32.0306862735272,37.670626556478794,3.319777394484926,1005.4250183184804,96.19563487324146
85.22816976181196,140.7830653933098,46.08932669244001,1.0,1.6381878290285696,58.649064460858135,32.94925123157636,81.84653165391342,3.2220033747006074,1010.6535726297168,123.11956656730361
69.80160503271321,109.73372995629182,51.65054144893181,7.2312517117761,0.8760937263482258,23.365224303918012,42.34598018346409,95.0,2.3368894989271998,1007.8263323208984,91.32450623098153
69.62188010568599,151.31872487341488,74.22831316811515,19.604411441422968,1.1445436317752822,45.75262693533665,26.890820046977975,66.20123936934628,3.06562800926431,1002.685294563416,108.00867081092669
66.51590864366106,100.78394466036318,32.81719348515896,15.892305559961697,0.8124009226315854,77.37704675852439,28.661027131624085,33.12484812645475,1.8654815711767252,1009.0323386286979,80.75057042972794
78.86247396327387,117.58824294483342,7.428501732706444,17.93843053299818,1.1394083011639509,47.36998569414815,27.121207377808922,74.13335774865547,10.27062048613093,1010.1233923651168,103.62002076627871
160.9420583108218,283.0213434066544,42.50898955191454,41.92059485879216,2.3743575690679877,37.204882404729375,31.06056850565612,51.438662507763794,0.7445984361223659,1004.9968394646381,198.12235400526043
96.69073928568017,178.54600045871268,30.025506010902742,8.45017179540312,1.4357440247039868,80.83620231440479,31.90845267239807,55.0497583750331,2.074888944243103,1015.2306055088761,123.57472881386781
30.947956832565563,54.34656823501882,2.0,10.49428798643808,0.26821522634048134,86.64874267052767,29.733125777857445,74.39864584686507,3.3559220161955348,1018.310659138488,11.03560651383443
141.91293937759457,218.06943894707305,77.99555375441984,26.465036907821872,1.6241979961466964,62.952793348692985,35.43162958436516,68.81831188269086,3.223919214272518,1015.7591815492433,199.12968567568691
90.66971658968133,142.5559312401869,29.079368625416475,11.990181058455075,0.9927456162034826,49.55431066012949,26.915102481226114,57.678368369920975,1.8631228573992122,1005.7900129182881,109.19652364864746
108.50966591203029,199.5259785473804,49.26047566488353,20.24777387010716,1.674979138429261,52.00874755494375,34.93087023945356,55.255915510975036,0.5172162484161288,1014.046572033507,151.2253986242502
95.42485603798123,167.58042973763114,41.58903809254031,5.6513880518829875,1.911071906369942,42.891312208612234,32.692489268205414,66.8875408283125,0.8584487263930614,1008.6236911796803,147.0553964169186
98.34556704602169,188.08067816640107,51.242808649509925,30.080717783722825,1.7707613655523136,39.22643849380266,29.939850400505268,58.85801671231449,2.6668225053563708,998.1140321714723,142.047925904924
101.36168981365374,164.98029200756366,96.67536870422225,13.710486357394979,0.9923439779773289,38.09156802535592,28.425316796214272,48.36144299595489,0.3750637254849773,1013.381835027982,154.00300955087414
16.995577141963444,17.900691085961622,42.19669944964647,25.290670575263636,0.8092159102210073,52.51537450650919,42.13333879365685,60.0115522778246,3.512781243867496,1009.1690531276556,20.833025607119833
107.61505783111984,214.6328641880233,66.83001140590403,19.654012348394737,1.7754807982271,37.765817541185,25.914956746289604,70.09388934882776,4.907426025391794,1028.7483840165544,181.25052845169895
45.70192184076324,58.684825441169274,27.040207813822505,20.708659144085054,0.4120980757069695,33.19715411896226,31.489665884842072,62.3284479977055,3.9266783250615482,1019.6581669062285,71.91247131555032
54.94811338456783,73.35971042435574,31.895834607479994,13.167350654218906,0.8335769564371897,64.55339898480487,26.24890464878934,43.79737102627722,4.437309672514633,1013.6892012554762,73.67166559523695
78.42850142592441,141.3927796784093,61.486487390464724,16.16546951302669,1.4650226199850453,62.94844034200791,38.92810374310653,79.8359693206331,0.39096859316674965,1009.9933640103054,129.44056199479868
204.11313054715902,410.2386549669819,124.45513558002882,26.821340999883017,2.836965944299605,79.28521920793698,34.43413164399602,23.91782844585,1.9178088412171062,1009.3097780404642,265.2503690180329
35.517055717816916,51.30115412570214,11.292237420502598,12.21503812106825,0.3489309055168066,50.128544912189994,26.60825060579428,58.30452267457347,1.053097850213124,999.9704847709352,42.066529078879356
76.6039929996555,125.05187666427014,53.38381574020077,18.736468715271037,1.3219334549449147,64.20149117324642,32.562974967156144,55.697023181691264,0.6056607211756836,994.0881021824007,122.65368228425429
65.37026716773654,59.46762975276672,2.0,8.570363988806946,0.5000680569926916,65.39920505352751,31.28847860638278,67.22268316807123,1.6337937623961525,1001.0195271273475,45.03959356402436
140.62565260368223,293.31914573073124,86.57438827592193,22.874722985562794,1.8818022873048839,49.18087169144583,27.416876190126306,73.42492711704104,6.004429597816375,1007.6182638546366,203.03215219650977
64.07549772168073,112.13114035725891,65.88770502372348,9.808268798144777,1.303395165010181,73.27196477975971,33.790821086140866,81.90147212391553,7.049046561771635,991.1556857743282,101.22015113401422
91.36360630022233,136.88516883576355,52.111907163078165,36.36094531294539,1.350961829495498,71.64503685929508,31.94652695552205,54.3139268997176,1.1697052532224008,1003.645425661818,143.13690254975356
35.60183003023687,55.877746151024716,79.43399841710922,10.554373444335477,0.552487572872356,68.04525331113678,31.07849356942976,73.79873506000223,2.4443609256119423,1006.0190957350046,40.73441438957989
155.65733036920102,256.2080190844834,66.0148374802392,38.040736857876595,2.3402245278734997,47.9458988796036,29.790401443788355,67.93727581822192,3.036608695616483,1006.2765875721163,220.23980331877408
23.776538707012154,48.0283371970903,34.135452800737,8.288205998379953,0.7790064182557912,56.6623349494574,32.155272462998255,39.32690937225165,1.9280159633782108,1002.7062112144948,36.75074567224565
106.66358583216393,198.50272113769893,65.10299495782488,21.873931432138935,1.8574729532027048,31.84734295507982,31.146938307462296,93.50810383151165,5.13190719666206,1005.2678894849488,143.9070294517044
91.74844329854835,158.1224052031094,56.77935779826155,7.438900622663645,1.569566926694177,43.153604520997675,30.295466665125087,43.41837309139701,1.6528015446289055,1021.7911506249909,110.49663130348284
100.81228211565683,136.67851831614635,60.507472751926876,15.5208931189359,1.7300910838721686,45.738882000517066,26.794920420062184,71.29245908464573,1.449233562657349,1013.2971622519249,116.86790109272262
24.08757049675421,40.40853029233386,31.51703247377619,11.57478582592448,0.7222779853204342,42.84150263652985,38.468831203812464,70.84939916296622,1.2212316194675727,1003.5175937848148,46.75905250039812
63.13455281828269,93.08323390825787,67.60951735481972,27.264176985872858,1.0739967960985104,67.86786717491535,24.747900283257266,69.13455173493615,1.9180644493181265,1007.4532176931043,77.03232746971686
136.33599263756938,175.41030763933932,113.79460259377483,25.136181337918494,1.9084091615917862,75.63242223076062,32.138181094398725,57.58134676757589,0.13830830885999953,1007.7734933147818,183.01961183047723
222.99679617523466,310.17019907554794,118.29230216625167,44.82937843057215,2.8666466243284656,30.81513252405652,28.398796288492836,77.40878976710754,1.9857375122540917,1001.8563565300788,266.9238241809186
72.68995914898035,115.77414312722439,71.09338342133199,20.848627979501003,0.8191874365228329,64.28674911148504,38.7977363472465,41.59448789085357,2.54997741286015,1001.8469582580492,85.4247898155649
